user_id,customer_id,email,role,created_at,last_login_at
1,1,alex.young26@redwood.com,member,2026-06-25 15:51:50,2026-08-18 10:45:13
2,1,amara.smith69@redwood.com,member,2026-01-06 12:40:20,2026-03-30 08:07:16
3,1,dev.okoro76@redwood.com,member,2026-06-21 11:11:52,
4,1,dev.berg11@redwood.com,member,2026-05-06 14:32:24,2026-06-15 07:19:07
5,1,dev.muller74@redwood.com,viewer,2026-07-07 18:11:35,2026-07-18 12:34:44
6,1,ines.chen18@redwood.com,viewer,2026-02-28 11:12:52,2026-06-23 13:55:22
7,1,lars.ivanov84@redwood.com,member,2026-06-19 06:01:50,2026-08-20 11:53:28
8,2,sam.ali29@vantage.com,viewer,2026-03-09 12:32:07,2026-04-21 15:36:47
9,2,casey.ali70@vantage.com,viewer,2026-05-20 11:13:27,2026-07-05 12:48:02
10,2,quinn.chen5@vantage.com,viewer,2026-01-20 07:51:15,2026-04-19 17:05:28
11,2,amara.hansen91@vantage.com,member,2026-02-16 08:03:36,2026-06-05 08:08:50
12,2,lars.ali77@vantage.com,member,2026-03-24 19:32:57,2026-06-14 21:18:18
13,2,casey.muller97@vantage.com,admin,2026-06-16 17:15:09,2026-06-23 23:55:41
14,2,rowan.silva98@vantage.com,member,2026-06-25 11:28:04,2026-08-14 12:36:40
15,2,jordan.okoro66@vantage.com,member,2026-06-05 17:54:46,2026-07-22 11:31:20
16,2,mateo.hansen9@vantage.com,member,2026-01-17 09:53:18,2026-04-28 09:27:52
17,2,lars.berg17@vantage.com,viewer,2026-03-21 05:40:50,2026-07-23 15:57:43
18,2,mateo.patel16@vantage.com,member,2026-07-27 14:08:56,2026-08-06 11:00:27
19,3,taylor.garcia84@meridian.com,member,2025-05-19 10:19:46,2025-06-30 10:57:41
20,3,noor.garcia91@meridian.com,member,2025-08-04 06:37:14,
21,3,mateo.patel2@meridian.com,admin,2026-05-23 06:24:05,2026-06-07 22:27:44
22,3,casey.dubois48@meridian.com,viewer,2025-03-22 14:43:09,2025-08-09 10:52:48
23,3,yuki.berg2@meridian.com,member,2025-02-16 08:26:39,2025-08-03 11:46:13
24,3,avery.garcia13@meridian.com,viewer,2026-03-06 10:08:15,2026-04-06 13:24:22
25,3,jordan.silva71@meridian.com,viewer,2025-09-17 14:19:13,2026-07-25 09:44:01
26,3,dev.ivanov25@meridian.com,viewer,2026-05-22 09:24:07,2026-06-28 14:50:57
27,3,ines.young10@meridian.com,admin,2025-08-11 17:36:26,2025-08-17 22:59:20
28,3,lars.rossi98@meridian.com,member,2025-12-17 05:03:50,2026-01-23 02:04:00
29,3,yuki.chen81@meridian.com,admin,2026-01-19 12:39:09,2026-08-03 11:44:25
30,3,jordan.chen11@meridian.com,member,2025-09-18 13:48:53,2025-12-31 21:09:34
31,3,hayden.tanaka94@meridian.com,member,2025-02-13 11:38:03,2025-10-15 06:05:59
32,3,morgan.smith2@meridian.com,member,2025-10-20 16:16:10,2025-10-25 08:22:33
33,3,riley.ali94@meridian.com,member,2025-12-23 12:16:45,2026-07-08 17:21:51
34,4,jordan.walsh59@nimbus.com,member,2026-04-14 09:06:57,2026-04-28 12:36:10
35,4,casey.silva95@nimbus.com,admin,2026-03-17 10:58:09,2026-03-28 17:00:15
36,4,sam.santos92@nimbus.com,viewer,2025-08-27 10:52:04,2026-03-29 09:15:26
37,4,emerson.smith65@nimbus.com,viewer,2026-03-16 20:04:56,2026-03-29 08:51:33
38,4,hayden.chen42@nimbus.com,member,2026-01-21 10:18:36,
39,4,hayden.young32@nimbus.com,member,2026-07-03 18:48:50,2026-08-09 21:49:49
40,4,riley.patel53@nimbus.com,member,2025-09-30 14:44:56,
41,4,rowan.patel98@nimbus.com,member,2025-06-01 21:26:31,2026-08-09 15:19:06
42,4,riley.ali12@nimbus.com,member,2025-06-27 16:26:44,
43,4,emerson.murphy96@nimbus.com,admin,2026-08-29 07:52:25,
44,4,amara.berg8@nimbus.com,member,2025-07-05 16:44:53,2025-09-09 09:16:54
45,4,rowan.dubois58@nimbus.com,viewer,2026-06-08 07:06:10,2026-06-17 19:08:49
46,4,mateo.dubois53@nimbus.com,member,2026-01-13 09:07:05,2026-04-14 20:13:28
47,4,hayden.young6@nimbus.com,viewer,2025-08-16 10:03:43,2026-01-30 08:45:15
48,4,taylor.rossi4@nimbus.com,admin,2025-10-28 07:50:08,2026-06-16 13:35:15
49,4,alex.kim29@nimbus.com,admin,2025-07-29 13:58:52,2026-02-19 10:40:41
50,4,alex.garcia26@nimbus.com,viewer,2025-07-05 16:07:02,2026-02-17 16:05:57
51,4,sam.rossi74@nimbus.com,member,2026-01-19 08:13:58,2026-07-23 10:01:24
52,4,taylor.ali58@nimbus.com,member,2025-08-31 12:56:35,2025-09-17 13:39:15
53,4,sam.garcia36@nimbus.com,member,2026-01-28 13:51:34,2026-05-15 08:56:51
54,4,alex.okoro92@nimbus.com,member,2026-07-08 10:17:11,2026-08-11 15:22:58
55,4,rowan.young29@nimbus.com,viewer,2025-06-10 09:51:30,
56,4,emerson.berg30@nimbus.com,member,2026-02-23 15:47:03,2026-03-20 09:15:17
57,4,quinn.berg50@nimbus.com,viewer,2026-06-23 14:58:37,2026-07-15 08:37:20
58,4,emerson.berg73@nimbus.com,viewer,2025-06-11 12:11:31,2025-09-15 16:51:56
59,4,jordan.kim30@nimbus.com,viewer,2025-06-16 08:08:21,2025-06-26 12:00:21
60,5,rowan.kim3@westgate.com,viewer,2026-07-26 20:23:45,2026-08-04 15:54:33
61,5,kai.berg13@westgate.com,viewer,2026-05-16 15:31:41,2026-06-26 07:10:46
62,5,morgan.santos89@westgate.com,member,2025-11-20 09:44:18,2026-05-21 09:37:52
63,5,morgan.patel90@westgate.com,admin,2025-08-15 13:58:51,2026-03-03 16:49:36
64,5,quinn.berg14@westgate.com,member,2026-04-20 10:40:56,2026-05-26 10:04:15
65,5,rowan.murphy2@westgate.com,viewer,2025-07-26 15:03:24,2025-11-30 14:22:16
66,5,noor.rossi53@westgate.com,viewer,2026-01-21 15:36:41,2026-04-27 10:24:06
67,5,quinn.rossi58@westgate.com,viewer,2026-07-04 09:20:16,
68,5,jordan.dubois22@westgate.com,viewer,2025-08-03 10:39:57,2025-10-24 15:35:57
69,5,alex.tanaka84@westgate.com,member,2026-02-13 08:44:35,2026-06-04 08:06:21
70,5,lars.ali85@westgate.com,member,2026-06-15 12:03:23,2026-07-15 07:25:36
71,5,noor.garcia38@westgate.com,admin,2025-06-12 08:18:05,2026-04-28 13:12:06
72,5,casey.chen51@westgate.com,member,2026-02-08 10:24:23,2026-07-27 09:41:34
73,5,mateo.kim34@westgate.com,admin,2025-09-14 15:42:06,2026-01-26 09:17:36
74,5,emerson.santos53@westgate.com,member,2025-07-24 12:34:43,2026-05-21 09:03:53
75,5,ines.berg31@westgate.com,admin,2026-08-28 13:33:51,2026-08-28 10:54:45
76,6,riley.smith97@yardley.com,member,2026-06-30 05:05:43,2026-08-29 21:13:51
77,6,avery.muller77@yardley.com,member,2026-05-14 10:20:54,2026-08-15 18:04:05
78,6,yuki.murphy2@yardley.com,member,2026-04-03 08:37:37,2026-08-31 12:26:07
79,6,casey.smith73@yardley.com,member,2026-08-05 11:24:41,2026-08-30 09:34:56
80,6,amara.young61@yardley.com,member,2026-05-27 08:38:43,
81,6,kai.kim51@yardley.com,member,2026-07-19 09:23:01,2026-08-09 14:03:47
82,6,hayden.chen36@yardley.com,member,2026-04-19 15:49:52,2026-05-14 21:14:08
83,6,taylor.tanaka78@yardley.com,member,2026-04-15 11:33:55,2026-06-02 11:58:52
84,6,sam.ivanov21@yardley.com,member,2026-04-28 11:49:54,
85,6,amara.patel23@yardley.com,member,2026-06-06 18:45:12,2026-07-01 16:15:02
86,6,emerson.murphy65@yardley.com,member,2026-04-03 11:55:30,2026-05-04 14:15:23
87,6,lars.hansen45@yardley.com,member,2026-06-22 10:10:54,2026-07-25 15:44:05
88,6,avery.silva83@yardley.com,admin,2026-06-18 15:49:43,2026-07-14 09:26:32
89,7,morgan.young2@meridian.com,viewer,2025-05-13 14:27:57,2026-03-20 16:19:45
90,7,emerson.murphy33@meridian.com,member,2026-01-18 07:32:42,2026-04-05 14:52:39
91,7,lars.young78@meridian.com,viewer,2026-01-16 14:55:17,2026-07-10 07:04:21
92,8,avery.muller67@sable.com,member,2025-11-24 14:43:08,2025-12-08 16:51:51
93,8,ines.chen34@sable.com,member,2025-02-18 13:12:21,2025-09-13 10:02:37
94,8,lars.walsh86@sable.com,viewer,2025-09-07 08:06:30,2026-02-07 16:53:42
95,8,taylor.santos98@sable.com,member,2025-06-03 09:55:19,2026-05-17 17:41:05
96,8,rowan.hansen34@sable.com,viewer,2026-03-29 13:39:04,2026-05-27 16:30:03
97,8,avery.ivanov16@sable.com,viewer,2026-05-21 08:12:21,2026-06-14 12:26:03
98,8,amara.murphy19@sable.com,member,2026-03-18 22:20:40,2026-06-17 08:05:31
99,8,alex.murphy36@sable.com,member,2025-03-23 15:05:08,2026-04-23 08:48:10
100,9,noor.okoro55@tidewater.com,member,2025-11-11 19:57:20,2026-05-26 00:34:12
101,9,yuki.novak3@tidewater.com,viewer,2026-03-18 10:06:24,2026-08-25 15:14:44
102,9,amara.chen22@tidewater.com,admin,2025-07-01 19:29:46,
103,9,dev.ivanov44@tidewater.com,member,2025-07-18 15:10:58,2026-07-04 23:21:57
104,9,kai.patel30@tidewater.com,member,2026-08-30 07:45:41,2026-08-30 08:01:37
105,10,taylor.santos80@halcyon.com,viewer,2025-12-04 14:41:53,
106,10,sam.smith54@halcyon.com,member,2025-06-05 14:40:00,2025-08-07 12:30:44
107,10,noor.smith85@halcyon.com,member,2025-10-27 13:18:07,2026-01-05 11:57:06
108,10,casey.walsh26@halcyon.com,member,2026-07-01 11:10:02,2026-08-19 09:33:12
109,10,ines.novak89@halcyon.com,admin,2026-03-02 07:36:42,2026-05-25 09:00:42
110,10,riley.garcia66@halcyon.com,member,2026-02-02 18:41:14,
111,10,hayden.ali60@halcyon.com,viewer,2026-01-14 17:54:18,
112,10,rowan.tanaka95@halcyon.com,viewer,2025-11-26 17:00:54,
113,10,morgan.dubois46@halcyon.com,member,2025-08-04 10:07:25,2026-06-18 09:46:05
114,10,mateo.ali50@halcyon.com,viewer,2025-12-16 07:44:46,2026-08-17 16:41:56
115,10,morgan.smith54@halcyon.com,member,2025-06-25 10:22:39,2026-02-27 16:43:28
116,11,riley.walsh63@marlow.com,member,2026-06-29 05:16:41,
117,11,alex.ivanov99@marlow.com,member,2025-12-21 12:44:39,2026-06-24 13:42:55
118,11,noor.silva62@marlow.com,viewer,2025-08-31 17:39:03,2026-08-12 14:09:53
119,11,morgan.ivanov61@marlow.com,member,2025-07-19 21:03:32,2025-10-11 06:31:20
120,12,kai.okoro31@beacon.com,member,2025-12-07 13:05:54,
121,12,mateo.dubois16@beacon.com,member,2025-07-12 13:00:52,2026-07-28 14:06:25
122,12,dev.young82@beacon.com,member,2024-05-21 10:52:03,2025-10-23 13:41:42
123,12,quinn.murphy43@beacon.com,member,2026-06-03 11:06:48,2026-08-21 13:45:42
124,12,quinn.patel44@beacon.com,member,2025-12-23 14:02:57,2026-06-03 20:18:35
125,12,ines.muller92@beacon.com,member,2024-08-04 18:25:13,2025-09-27 07:39:12
126,13,rowan.smith97@ironclad.com,viewer,2026-01-28 11:42:37,2026-07-09 16:37:07
127,13,riley.walsh1@ironclad.com,member,2026-07-08 18:49:58,2026-07-11 12:27:53
128,13,amara.rossi94@ironclad.com,viewer,2026-01-21 12:24:26,2026-02-16 10:38:38
129,13,quinn.ali51@ironclad.com,member,2026-08-30 14:47:32,2026-08-31 11:08:08
130,13,lars.dubois92@ironclad.com,member,2026-03-25 09:22:58,2026-08-13 14:12:13
131,13,morgan.ivanov70@ironclad.com,member,2025-12-29 13:42:45,2026-03-21 14:48:22
132,13,lars.chen55@ironclad.com,admin,2026-05-24 06:17:48,2026-07-29 07:24:09
133,13,hayden.ali19@ironclad.com,member,2026-01-13 10:28:06,2026-07-08 15:13:48
134,13,quinn.santos50@ironclad.com,member,2026-08-06 05:24:24,2026-08-31 16:44:18
135,13,rowan.santos7@ironclad.com,member,2026-05-24 13:49:55,
136,13,quinn.hansen97@ironclad.com,member,2026-06-06 08:43:04,2026-08-22 08:46:12
137,14,yuki.smith49@ridgeline.com,member,2025-04-11 09:10:37,
138,14,alex.dubois60@ridgeline.com,member,2025-07-04 15:40:39,2025-09-21 05:59:20
139,14,hayden.walsh74@ridgeline.com,member,2026-08-24 08:04:50,2026-08-25 15:20:33
140,14,morgan.tanaka70@ridgeline.com,member,2026-03-17 10:18:13,2026-04-09 10:56:13
141,14,yuki.walsh72@ridgeline.com,member,2026-07-11 18:39:58,2026-08-21 01:42:22
142,14,quinn.kim88@ridgeline.com,member,2026-07-14 15:01:58,2026-08-07 18:07:24
143,14,emerson.ivanov66@ridgeline.com,member,2026-03-29 06:06:10,2026-04-09 09:41:12
144,15,lars.santos1@nimbus.com,viewer,2026-08-02 11:06:13,2026-08-08 14:49:13
145,15,noor.garcia96@nimbus.com,admin,2026-06-03 06:50:16,2026-06-06 11:21:02
146,15,jordan.berg30@nimbus.com,member,2026-06-08 02:43:07,2026-07-30 10:40:25
147,15,alex.young9@nimbus.com,member,2026-06-02 12:18:50,2026-08-15 05:54:04
148,15,hayden.young12@nimbus.com,admin,2026-07-11 08:14:08,2026-08-08 10:52:42
149,15,kai.santos38@nimbus.com,viewer,2026-07-27 17:41:23,2026-08-05 09:56:58
150,15,lars.santos19@nimbus.com,member,2026-01-19 07:13:47,2026-01-20 13:25:34
151,15,emerson.novak53@nimbus.com,member,2026-07-25 09:07:11,2026-08-26 08:11:14
152,15,amara.kim97@nimbus.com,member,2026-07-07 06:06:12,2026-08-11 11:35:04
153,15,amara.walsh43@nimbus.com,admin,2026-07-21 08:31:28,2026-08-31 09:18:39
154,15,dev.chen89@nimbus.com,admin,2026-04-11 09:14:45,2026-07-13 16:27:10
155,15,noor.ali47@nimbus.com,member,2026-07-25 09:35:06,2026-08-15 17:29:28
156,15,dev.garcia36@nimbus.com,member,2026-03-02 13:46:04,2026-04-06 17:12:16
157,15,yuki.patel75@nimbus.com,member,2026-01-21 12:34:30,2026-08-05 13:58:02
158,15,riley.hansen51@nimbus.com,admin,2026-07-03 12:05:25,2026-08-21 13:54:18
159,15,yuki.patel85@nimbus.com,member,2026-04-20 13:36:42,2026-06-01 15:08:28
160,15,riley.walsh46@nimbus.com,viewer,2026-08-28 09:16:23,
161,15,sam.novak67@nimbus.com,viewer,2026-03-17 05:41:20,2026-06-17 10:58:29
162,15,yuki.ali95@nimbus.com,member,2026-02-12 13:57:53,2026-07-01 13:24:41
163,15,yuki.ali49@nimbus.com,viewer,2026-02-05 12:30:56,2026-04-03 12:22:52
164,15,alex.ivanov18@nimbus.com,member,2026-06-20 08:23:38,2026-07-19 06:41:17
165,15,casey.silva54@nimbus.com,member,2026-07-19 08:53:26,2026-07-26 11:30:30
166,15,quinn.kim17@nimbus.com,viewer,2026-01-22 08:10:16,2026-03-04 07:32:02
167,15,yuki.okoro77@nimbus.com,member,2026-03-04 09:05:13,2026-08-14 02:46:46
168,15,dev.walsh62@nimbus.com,member,2026-05-11 15:39:42,2026-08-25 11:09:50
169,16,rowan.murphy77@anchor.com,admin,2026-03-09 12:58:32,2026-05-06 10:08:06
170,16,noor.muller78@anchor.com,member,2026-07-20 13:02:56,
171,16,lars.ivanov97@anchor.com,member,2026-08-14 07:38:34,
172,16,alex.tanaka67@anchor.com,member,2026-08-25 16:50:49,2026-08-31 05:33:27
173,16,emerson.berg95@anchor.com,admin,2026-05-03 11:14:58,2026-08-18 14:06:27
174,16,hayden.young70@anchor.com,admin,2026-02-16 12:33:00,2026-04-05 00:47:50
175,16,avery.dubois53@anchor.com,member,2026-05-02 12:36:23,2026-05-21 11:37:16
176,16,taylor.okoro97@anchor.com,member,2026-07-01 13:16:19,2026-08-05 15:30:11
177,16,emerson.okoro95@anchor.com,member,2026-06-22 08:13:32,2026-07-07 15:28:50
178,16,rowan.santos79@anchor.com,admin,2026-05-08 07:09:30,2026-08-06 05:24:40
179,16,noor.garcia9@anchor.com,member,2026-06-28 21:39:41,2026-08-14 06:02:46
180,16,hayden.young8@anchor.com,member,2026-06-08 14:51:33,2026-06-30 14:28:00
181,17,dev.ivanov67@westgate.com,member,2026-02-28 21:05:17,2026-04-12 14:23:15
182,17,emerson.okoro52@westgate.com,viewer,2026-06-02 12:46:53,2026-07-05 01:45:04
183,17,emerson.ali29@westgate.com,admin,2026-05-20 08:32:06,2026-06-01 11:25:36
184,17,yuki.chen44@westgate.com,member,2026-03-10 16:16:44,2026-06-20 12:16:56
185,17,kai.berg62@westgate.com,member,2026-06-13 17:55:01,2026-07-07 10:49:29
186,18,jordan.okoro82@copper.com,member,2026-04-19 20:33:34,2026-06-14 14:14:51
187,18,taylor.silva37@copper.com,member,2026-02-14 16:04:35,
188,18,ines.dubois46@copper.com,viewer,2026-03-29 08:47:12,2026-08-22 09:47:43
189,18,quinn.ali27@copper.com,viewer,2026-04-13 07:05:43,2026-06-15 16:22:09
190,18,ines.young1@copper.com,member,2026-07-31 17:56:57,2026-08-02 16:23:39
191,18,taylor.walsh24@copper.com,member,2026-07-09 06:51:27,2026-08-10 09:14:48
192,18,lars.kim65@copper.com,member,2026-06-14 10:00:00,2026-07-06 11:07:44
193,18,avery.okoro75@copper.com,member,2026-08-03 17:11:35,
194,18,quinn.ali61@copper.com,member,2026-04-20 14:23:23,2026-07-16 10:31:27
195,18,taylor.murphy24@copper.com,member,2026-05-25 16:35:27,2026-08-06 14:52:06
196,18,avery.muller95@copper.com,admin,2026-05-20 17:40:33,2026-08-31 01:26:31
197,18,rowan.walsh39@copper.com,admin,2026-06-28 16:30:53,2026-07-04 10:44:10
198,19,rowan.ali47@vertex.com,admin,2026-08-10 07:55:43,2026-08-27 19:16:22
199,19,amara.berg84@vertex.com,member,2026-06-06 12:49:47,2026-06-28 21:18:22
200,19,jordan.okoro79@vertex.com,member,2026-08-09 18:26:40,2026-08-29 20:55:10
201,19,jordan.garcia21@vertex.com,member,2026-07-29 14:17:56,2026-08-18 10:18:45
202,19,emerson.berg67@vertex.com,admin,2026-08-08 09:16:47,2026-08-21 08:54:01
203,19,avery.rossi51@vertex.com,admin,2026-05-07 17:35:03,
204,19,kai.ivanov98@vertex.com,member,2026-04-23 17:19:14,2026-05-19 09:09:05
205,19,hayden.murphy81@vertex.com,member,2026-06-19 17:20:55,2026-08-25 16:01:02
206,19,mateo.santos35@vertex.com,member,2026-08-16 13:40:47,2026-08-20 21:44:34
207,19,yuki.santos40@vertex.com,member,2026-08-06 10:16:09,2026-08-21 12:51:05
208,19,alex.patel67@vertex.com,member,2026-07-03 14:31:48,2026-08-26 07:18:30
209,19,hayden.patel99@vertex.com,member,2026-08-17 08:56:35,2026-08-21 13:50:00
210,19,kai.silva21@vertex.com,member,2026-08-06 11:15:33,2026-08-26 10:24:14
211,19,hayden.santos35@vertex.com,member,2026-06-25 13:17:44,2026-07-03 08:18:07
212,20,rowan.patel20@anchor.com,member,2025-11-02 08:06:18,
213,20,riley.murphy94@anchor.com,admin,2025-12-13 01:13:21,
214,20,hayden.walsh48@anchor.com,viewer,2026-03-01 06:49:25,2026-03-09 10:53:48
215,20,lars.walsh24@anchor.com,admin,2025-09-03 15:15:24,2026-01-09 16:53:00
216,20,mateo.silva95@anchor.com,member,2026-08-27 21:30:24,2026-08-28 11:49:06
217,20,hayden.dubois21@anchor.com,admin,2026-07-12 11:19:12,2026-07-14 15:35:33
218,20,sam.novak15@anchor.com,member,2026-01-29 07:50:15,2026-05-20 10:10:50
219,20,sam.berg89@anchor.com,member,2025-08-02 12:43:39,2026-06-03 08:49:05
220,20,sam.kim46@anchor.com,member,2026-01-18 10:35:50,2026-07-16 12:06:08
221,20,emerson.murphy94@anchor.com,viewer,2026-06-24 12:28:35,2026-08-11 10:08:16
222,20,lars.walsh25@anchor.com,member,2025-12-26 16:58:55,2026-05-14 10:46:29
223,20,morgan.garcia68@anchor.com,member,2026-05-08 15:32:24,2026-06-14 16:34:23
224,20,morgan.patel80@anchor.com,member,2026-08-08 12:24:12,2026-08-27 09:46:04
225,20,ines.santos20@anchor.com,admin,2026-04-23 14:02:53,2026-07-14 11:20:07
226,21,sam.novak14@meridian.com,member,2026-02-08 12:39:44,2026-03-05 04:41:53
227,21,taylor.kim47@meridian.com,member,2026-05-25 12:56:53,2026-08-24 06:59:58
228,21,mateo.kim47@meridian.com,member,2026-01-14 16:17:33,2026-08-29 11:23:50
229,21,jordan.chen10@meridian.com,member,2026-01-04 08:33:42,2026-05-16 07:46:14
230,21,amara.rossi72@meridian.com,member,2026-02-26 14:44:42,2026-06-12 15:49:40
231,21,casey.rossi24@meridian.com,viewer,2026-04-13 11:22:57,2026-08-20 10:10:34
232,21,lars.dubois48@meridian.com,member,2026-03-15 13:13:24,2026-08-24 11:46:20
233,21,lars.ali47@meridian.com,admin,2026-07-09 09:01:33,2026-08-06 20:00:46
234,21,hayden.patel39@meridian.com,viewer,2026-01-28 14:17:58,2026-03-23 17:01:49
235,21,yuki.santos74@meridian.com,member,2026-05-15 09:56:37,2026-06-03 07:29:22
236,21,quinn.ali39@meridian.com,member,2026-02-26 18:46:04,
237,21,rowan.walsh23@meridian.com,member,2026-06-28 13:05:49,2026-07-10 13:19:02
238,21,rowan.hansen56@meridian.com,member,2026-01-08 16:59:00,2026-08-18 07:49:14
239,21,kai.kim40@meridian.com,member,2026-06-05 09:03:43,2026-07-15 12:09:20
240,21,kai.murphy97@meridian.com,viewer,2026-06-30 08:21:05,2026-08-01 07:27:18
241,21,amara.kim71@meridian.com,member,2026-04-25 15:30:35,2026-05-16 10:27:49
242,21,ines.okoro84@meridian.com,member,2026-02-13 06:49:27,2026-07-06 13:47:33
243,21,amara.garcia15@meridian.com,member,2026-03-17 14:49:19,2026-07-03 10:12:20
244,21,emerson.young57@meridian.com,member,2026-02-06 10:48:46,2026-05-29 05:52:14
245,21,jordan.smith95@meridian.com,viewer,2026-07-31 18:55:53,
246,21,hayden.patel44@meridian.com,member,2026-07-22 15:13:13,2026-07-29 09:30:01
247,21,yuki.ali71@meridian.com,member,2026-05-13 10:57:42,2026-08-14 22:44:44
248,21,sam.ali22@meridian.com,member,2026-05-08 14:17:03,
249,22,jordan.okoro85@meridian.com,viewer,2025-04-01 14:14:24,2025-10-02 17:01:18
250,22,casey.dubois63@meridian.com,viewer,2025-12-13 13:45:01,2025-12-21 07:12:32
251,22,quinn.ivanov40@meridian.com,member,2025-04-17 10:19:15,2025-07-26 15:01:22
252,22,taylor.kim81@meridian.com,viewer,2025-12-09 19:14:09,2025-12-15 17:52:01
253,22,kai.muller12@meridian.com,member,2025-09-18 09:15:36,2025-11-23 20:39:55
254,22,noor.chen78@meridian.com,member,2025-06-14 14:12:55,2025-10-30 07:41:08
255,22,hayden.ivanov18@meridian.com,viewer,2025-06-06 10:35:34,2025-12-20 08:59:36
256,23,morgan.dubois19@aurora.com,member,2026-03-10 15:52:57,2026-05-30 17:26:26
257,23,taylor.muller25@aurora.com,member,2026-07-21 15:39:39,
258,23,dev.berg79@aurora.com,admin,2026-04-17 15:08:32,2026-06-15 09:01:22
259,23,ines.hansen24@aurora.com,member,2026-07-12 11:00:59,2026-08-12 11:10:12
260,23,noor.silva96@aurora.com,viewer,2026-04-18 22:55:39,2026-06-08 15:04:11
261,23,rowan.murphy32@aurora.com,member,2026-06-13 10:47:36,2026-06-18 13:52:24
262,24,sam.ivanov14@lakeside.com,member,2026-03-09 21:02:35,2026-03-10 17:15:33
263,24,yuki.kim25@lakeside.com,member,2026-02-19 08:18:39,2026-03-16 17:49:52
264,24,yuki.muller60@lakeside.com,member,2026-01-07 13:57:44,2026-03-05 07:32:07
265,24,riley.okoro53@lakeside.com,member,2026-03-11 08:29:05,2026-03-11 08:37:57
266,24,rowan.rossi92@lakeside.com,member,2026-02-02 12:24:46,2026-02-07 07:28:40
267,24,dev.rossi49@lakeside.com,member,2026-03-07 14:09:10,2026-03-08 15:58:21
268,24,morgan.kim54@lakeside.com,viewer,2026-01-19 20:00:39,2026-03-17 09:11:07
269,24,alex.murphy64@lakeside.com,member,2026-02-02 09:42:30,2026-03-08 16:38:56
270,24,noor.murphy11@lakeside.com,member,2026-02-28 13:52:13,2026-02-28 09:35:17
271,24,morgan.muller8@lakeside.com,member,2026-01-07 13:21:58,2026-01-11 08:02:42
272,24,sam.smith54@lakeside.com,member,2026-01-12 13:50:35,2026-02-01 14:39:42
273,24,mateo.berg47@lakeside.com,viewer,2026-01-23 16:48:27,2026-02-03 15:20:23
274,24,jordan.chen61@lakeside.com,member,2026-03-12 08:13:39,2026-04-03 17:21:33
275,24,casey.berg94@lakeside.com,member,2026-01-08 19:45:18,2026-03-16 22:30:46
276,25,taylor.ivanov74@harbor.com,member,2024-12-22 15:31:31,2025-03-22 18:39:36
277,25,dev.silva91@harbor.com,member,2024-10-13 07:54:13,2025-01-20 00:01:29
278,25,noor.tanaka6@harbor.com,member,2025-05-24 14:16:50,2025-06-28 16:13:00
279,25,hayden.chen65@harbor.com,member,2024-08-16 13:01:53,2024-08-19 07:21:21
280,25,avery.dubois44@harbor.com,member,2024-10-10 11:40:29,2025-06-12 18:51:02
281,25,rowan.murphy53@harbor.com,member,2025-04-13 10:34:01,2025-04-20 16:19:36
282,25,amara.dubois46@harbor.com,admin,2024-10-27 16:21:24,
283,25,lars.rossi74@harbor.com,viewer,2025-05-29 14:20:45,2025-06-09 13:55:50
284,25,taylor.tanaka12@harbor.com,member,2024-07-29 09:07:23,2024-11-27 10:53:19
285,25,avery.garcia57@harbor.com,member,2024-08-01 11:55:33,2025-04-05 18:09:12
286,25,rowan.muller99@harbor.com,member,2024-12-18 11:45:55,2025-04-29 14:08:13
287,26,hayden.kim88@vertex.com,admin,2026-03-08 15:47:19,2026-03-30 10:56:02
288,26,amara.chen82@vertex.com,member,2026-03-12 15:42:07,2026-06-02 08:18:17
289,26,riley.rossi36@vertex.com,viewer,2026-05-15 13:06:13,
290,26,emerson.santos41@vertex.com,member,2026-07-23 17:34:28,2026-08-10 13:10:04
291,26,riley.patel61@vertex.com,member,2026-03-19 08:38:57,2026-03-31 07:03:05
292,26,mateo.young46@vertex.com,viewer,2026-08-05 06:59:48,2026-08-31 08:48:42
293,26,amara.muller12@vertex.com,member,2026-07-04 14:49:29,2026-08-31 14:06:29
294,26,quinn.silva19@vertex.com,member,2026-07-05 18:21:50,2026-08-13 09:23:25
295,26,mateo.walsh4@vertex.com,admin,2026-05-29 11:54:10,
296,26,emerson.young74@vertex.com,admin,2026-05-18 13:04:50,2026-05-31 11:45:50
297,26,lars.murphy52@vertex.com,viewer,2026-05-23 10:21:13,2026-06-22 13:35:10
298,26,amara.tanaka56@vertex.com,member,2026-08-31 14:47:59,2026-08-31 10:44:15
299,27,casey.berg77@harbor.com,member,2026-01-16 11:38:06,2026-02-20 07:28:11
300,27,rowan.walsh83@harbor.com,member,2025-11-22 15:51:00,2025-12-03 09:08:56
301,27,riley.murphy69@harbor.com,member,2025-07-26 10:36:50,2025-12-30 13:12:13
302,27,noor.hansen12@harbor.com,member,2025-10-14 10:35:03,2026-02-21 11:08:54
303,27,lars.hansen15@harbor.com,member,2025-05-12 10:24:25,2025-05-27 09:44:37
304,27,noor.santos28@harbor.com,viewer,2025-11-23 10:26:09,2026-01-22 08:35:24
305,27,riley.muller2@harbor.com,admin,2025-10-06 15:31:42,
306,27,riley.garcia18@harbor.com,member,2025-12-21 18:39:11,2026-02-12 17:57:50
307,27,yuki.tanaka71@harbor.com,member,2025-12-30 13:54:46,2026-01-23 10:11:27
308,27,yuki.ali53@harbor.com,member,2025-09-10 10:37:30,2026-02-04 10:02:36
309,27,riley.ivanov97@harbor.com,member,2025-06-21 09:40:47,2025-10-18 12:33:56
310,27,lars.berg40@harbor.com,member,2025-06-20 12:30:36,2026-02-06 10:49:00
311,27,noor.hansen38@harbor.com,member,2025-10-28 15:16:03,2025-11-01 14:38:47
312,28,morgan.berg7@aurora.com,member,2026-01-07 06:32:04,2026-02-13 16:39:01
313,28,taylor.ali17@aurora.com,admin,2026-04-22 08:37:47,2026-04-26 17:00:47
314,28,mateo.hansen23@aurora.com,viewer,2025-06-02 10:05:09,2025-09-30 12:51:33
315,28,riley.walsh97@aurora.com,member,2026-01-15 08:36:46,2026-04-23 10:42:28
316,28,sam.ali97@aurora.com,member,2025-09-09 15:48:59,2025-09-22 08:25:30
317,28,quinn.okoro88@aurora.com,member,2025-12-14 09:51:28,2026-04-14 09:33:55
318,28,rowan.ivanov88@aurora.com,viewer,2025-09-28 11:58:41,2025-10-22 18:40:22
319,28,rowan.ali35@aurora.com,viewer,2025-08-03 15:46:43,2025-12-11 14:25:29
320,28,avery.ivanov44@aurora.com,admin,2026-01-12 06:26:06,2026-02-04 10:00:43
321,28,casey.murphy45@aurora.com,member,2025-12-10 06:38:42,2026-02-20 09:02:01
322,28,dev.smith91@aurora.com,member,2025-07-06 17:36:51,2025-08-19 17:08:24
323,28,casey.rossi33@aurora.com,viewer,2025-06-19 14:42:49,2025-07-27 14:59:17
324,28,rowan.ali21@aurora.com,member,2026-04-15 06:52:16,2026-04-23 15:24:24
325,28,mateo.garcia63@aurora.com,member,2025-06-16 08:49:27,2025-09-26 13:11:41
326,29,casey.murphy92@willow.com,member,2025-04-12 11:57:31,2025-04-13 06:36:46
327,29,alex.kim86@willow.com,member,2024-12-07 12:49:31,2025-01-14 14:57:25
328,29,noor.okoro94@willow.com,viewer,2025-03-01 16:30:07,2025-03-09 12:00:24
329,29,lars.hansen43@willow.com,member,2025-03-24 16:21:05,2025-04-18 06:41:05
330,29,hayden.novak23@willow.com,member,2025-02-24 07:44:22,2025-04-14 14:19:44
331,29,jordan.murphy95@willow.com,member,2025-03-03 10:50:34,2025-03-07 08:46:37
332,29,hayden.walsh69@willow.com,member,2025-04-12 10:46:02,2025-05-07 11:01:02
333,30,yuki.murphy87@harbor.com,admin,2025-12-07 15:31:41,2026-02-21 15:14:59
334,30,ines.young6@harbor.com,admin,2025-08-30 09:50:06,2026-07-28 07:11:40
335,30,dev.rossi76@harbor.com,viewer,2026-04-11 07:38:51,
336,30,quinn.garcia26@harbor.com,member,2026-07-02 07:43:36,2026-08-22 16:47:43
337,30,riley.dubois28@harbor.com,member,2026-05-27 15:10:44,2026-08-10 08:04:07
338,30,lars.rossi57@harbor.com,viewer,2026-02-26 13:49:10,2026-07-24 05:06:50
339,30,ines.garcia1@harbor.com,viewer,2025-08-29 14:37:56,
340,30,noor.walsh89@harbor.com,member,2026-01-13 19:39:44,2026-02-18 14:33:28
341,30,dev.rossi92@harbor.com,member,2025-09-09 00:15:12,2025-10-24 13:50:19
342,30,yuki.smith80@harbor.com,member,2025-10-20 08:03:12,2026-07-23 12:29:49
343,31,ines.walsh23@quarry.com,member,2024-08-09 09:39:51,2024-09-22 06:23:18
344,31,mateo.kim14@quarry.com,member,2026-04-25 06:15:46,2026-06-09 08:01:31
345,31,amara.berg42@quarry.com,viewer,2025-06-08 10:06:15,2026-06-25 14:20:14
346,31,noor.novak49@quarry.com,viewer,2026-04-04 08:59:39,2026-04-22 11:31:03
347,31,morgan.okoro48@quarry.com,member,2025-06-18 07:44:36,2026-06-21 08:22:17
348,31,taylor.muller15@quarry.com,member,2024-05-10 09:10:50,2025-08-22 11:48:21
349,32,morgan.berg71@halcyon.com,viewer,2026-05-17 09:30:53,2026-05-28 11:33:31
350,32,taylor.patel94@halcyon.com,member,2026-03-01 18:09:58,2026-05-03 09:27:37
351,32,alex.tanaka6@halcyon.com,member,2026-04-27 15:02:27,
352,32,kai.walsh90@halcyon.com,viewer,2026-04-05 14:26:13,2026-07-29 12:05:35
353,32,emerson.chen31@halcyon.com,member,2025-09-13 11:36:47,2025-10-29 02:42:19
354,32,alex.murphy60@halcyon.com,viewer,2026-05-02 13:45:40,2026-08-21 14:11:50
355,32,jordan.okoro89@halcyon.com,member,2025-07-08 13:36:50,2025-07-24 09:48:17
356,32,jordan.young43@halcyon.com,member,2025-10-22 05:24:23,2025-11-19 12:58:43
357,32,dev.kim47@halcyon.com,member,2026-03-03 08:21:15,2026-08-15 13:04:35
358,32,casey.walsh95@halcyon.com,member,2026-04-10 17:32:43,2026-06-02 15:48:14
359,32,taylor.kim9@halcyon.com,admin,2026-02-09 14:43:52,2026-06-04 12:33:53
360,32,hayden.murphy80@halcyon.com,admin,2026-04-06 10:11:18,2026-04-22 08:56:29
361,32,casey.rossi36@halcyon.com,admin,2025-08-16 08:13:33,
362,32,alex.chen54@halcyon.com,member,2026-05-25 15:01:18,2026-08-02 19:30:22
363,32,jordan.patel30@halcyon.com,member,2025-10-12 14:20:31,2026-07-05 14:26:37
364,32,yuki.santos57@halcyon.com,member,2026-05-07 09:30:23,2026-07-18 07:50:19
365,32,sam.muller46@halcyon.com,member,2025-12-02 08:11:53,2026-02-25 13:10:45
366,32,riley.rossi31@halcyon.com,viewer,2026-07-05 13:28:16,
367,33,lars.kim86@falcon.com,viewer,2026-03-18 12:07:58,2026-06-14 08:28:34
368,33,kai.walsh99@falcon.com,viewer,2025-12-15 12:32:21,2026-08-06 18:09:00
369,33,ines.chen97@falcon.com,member,2026-05-03 18:21:44,2026-07-15 14:51:36
370,33,ines.kim18@falcon.com,viewer,2026-01-29 11:05:20,2026-02-27 10:25:39
371,33,dev.novak75@falcon.com,admin,2025-12-31 12:28:43,2026-07-19 19:17:12
372,33,yuki.okoro25@falcon.com,member,2026-01-16 10:45:54,2026-06-19 13:03:58
373,33,emerson.okoro48@falcon.com,member,2026-07-09 10:28:55,
374,33,avery.murphy95@falcon.com,member,2026-01-16 17:46:57,2026-08-09 11:10:51
375,33,riley.berg77@falcon.com,member,2026-07-03 11:55:33,
376,33,jordan.berg97@falcon.com,member,2026-05-23 13:45:36,2026-05-23 11:58:17
377,34,avery.rossi49@marlow.com,viewer,2026-07-24 09:35:47,2026-08-24 05:52:19
378,34,quinn.patel1@marlow.com,member,2026-08-14 14:57:18,2026-08-23 20:53:40
379,34,morgan.walsh89@marlow.com,viewer,2026-08-11 06:47:23,2026-08-11 07:17:31
380,34,ines.berg56@marlow.com,member,2026-08-22 15:01:54,2026-08-29 21:52:07
381,34,morgan.berg8@marlow.com,member,2026-08-01 09:26:40,2026-08-15 17:08:22
382,34,sam.chen38@marlow.com,member,2026-08-07 07:48:10,2026-08-09 12:49:40
383,34,rowan.dubois88@marlow.com,admin,2026-08-19 13:52:09,2026-08-23 14:44:23
384,34,riley.ivanov37@marlow.com,member,2026-07-16 09:32:14,2026-08-16 11:58:58
385,34,lars.young89@marlow.com,member,2026-07-28 16:26:29,2026-08-30 16:45:35
386,34,casey.muller3@marlow.com,member,2026-07-20 22:33:48,2026-08-08 14:08:52
387,34,morgan.chen4@marlow.com,admin,2026-08-06 09:08:13,2026-08-09 09:54:44
388,34,jordan.tanaka89@marlow.com,viewer,2026-07-24 05:06:02,2026-07-31 06:49:30
389,34,yuki.berg8@marlow.com,admin,2026-08-27 07:07:58,2026-08-29 05:19:42
390,34,avery.berg26@marlow.com,member,2026-08-23 09:37:22,2026-08-28 03:09:54
391,34,morgan.ivanov94@marlow.com,member,2026-08-07 01:13:45,2026-08-23 13:06:52
392,34,hayden.rossi97@marlow.com,viewer,2026-07-28 11:44:37,2026-08-03 18:58:32
393,34,mateo.smith24@marlow.com,member,2026-07-27 15:20:07,2026-08-20 11:32:14
394,35,riley.walsh98@cobalt.com,member,2026-07-28 07:18:29,2026-08-15 13:02:05
395,35,hayden.murphy29@cobalt.com,viewer,2026-08-17 17:51:30,2026-08-21 22:27:12
396,35,morgan.patel87@cobalt.com,member,2026-06-19 07:25:25,2026-07-02 10:33:42
397,35,casey.rossi9@cobalt.com,viewer,2026-08-15 07:53:27,2026-08-21 10:38:54
398,35,taylor.berg76@cobalt.com,viewer,2026-07-22 22:32:17,2026-08-16 10:42:38
399,35,mateo.smith16@cobalt.com,admin,2026-04-23 05:04:31,2026-08-28 09:08:01
400,35,morgan.okoro78@cobalt.com,viewer,2026-03-23 14:33:49,2026-05-01 09:39:06
401,35,mateo.novak38@cobalt.com,viewer,2026-07-21 12:01:48,2026-08-21 12:34:21
402,35,noor.smith50@cobalt.com,member,2026-03-25 14:49:19,2026-06-29 11:02:02
403,35,ines.tanaka18@cobalt.com,member,2026-04-28 14:43:34,2026-06-16 12:07:36
404,35,ines.walsh72@cobalt.com,member,2026-08-10 10:43:22,2026-08-26 06:16:31
405,36,rowan.kim4@willow.com,member,2026-07-23 03:57:40,2026-07-31 16:22:51
406,36,kai.smith55@willow.com,member,2026-07-30 09:19:37,2026-08-21 11:03:42
407,36,jordan.chen15@willow.com,member,2026-06-27 11:32:57,2026-06-29 12:02:29
408,36,taylor.patel90@willow.com,member,2026-08-09 13:51:31,2026-08-09 22:24:36
409,36,avery.dubois64@willow.com,viewer,2026-06-29 08:40:54,2026-08-11 08:19:23
410,36,lars.novak37@willow.com,member,2026-06-26 15:05:45,2026-08-03 23:25:51
411,37,amara.dubois35@vertex.com,viewer,2026-04-16 11:13:22,
412,37,hayden.ivanov39@vertex.com,member,2026-04-11 12:42:48,2026-08-27 10:26:25
413,37,morgan.patel81@vertex.com,viewer,2026-08-10 15:29:17,2026-08-15 13:13:42
414,37,dev.tanaka73@vertex.com,admin,2026-08-06 08:43:48,2026-08-07 12:23:29
415,37,noor.tanaka41@vertex.com,member,2026-06-07 09:10:16,2026-06-15 14:54:26
416,37,quinn.okoro31@vertex.com,member,2026-08-23 09:52:19,
417,37,ines.santos56@vertex.com,admin,2026-07-19 15:17:42,2026-07-21 08:17:08
418,37,morgan.kim93@vertex.com,member,2026-08-10 09:04:57,2026-08-10 06:57:05
419,37,emerson.garcia51@vertex.com,member,2026-07-05 12:07:33,2026-08-20 16:15:07
420,37,yuki.ali64@vertex.com,member,2026-08-18 16:47:24,2026-08-21 13:49:51
421,37,noor.novak19@vertex.com,member,2026-05-22 09:26:16,
422,37,sam.walsh69@vertex.com,member,2026-08-20 20:56:50,2026-08-21 10:27:30
423,37,emerson.walsh92@vertex.com,admin,2026-04-29 15:51:03,2026-06-07 02:57:38
424,37,taylor.santos50@vertex.com,admin,2026-05-23 17:54:28,2026-08-20 10:51:43
425,37,alex.okoro33@vertex.com,member,2026-06-30 17:58:28,2026-08-28 16:15:19
426,37,rowan.tanaka5@vertex.com,member,2026-08-31 11:53:21,2026-08-31 06:49:31
427,37,casey.rossi90@vertex.com,viewer,2026-07-09 15:29:44,2026-07-13 10:38:46
428,37,sam.rossi81@vertex.com,member,2026-03-30 13:07:10,2026-05-03 00:12:40
429,37,yuki.muller77@vertex.com,admin,2026-05-25 08:37:52,2026-07-04 11:55:47
430,37,hayden.novak11@vertex.com,viewer,2026-06-14 09:01:59,2026-07-07 10:24:53
431,38,quinn.garcia60@sable.com,member,2026-08-05 13:09:05,2026-08-27 16:03:25
432,38,morgan.berg16@sable.com,member,2026-06-04 15:59:29,
433,38,ines.smith29@sable.com,member,2026-08-21 15:24:08,2026-08-24 19:52:50
434,38,avery.young28@sable.com,member,2026-06-20 16:01:18,2026-07-26 15:12:26
435,38,quinn.young58@sable.com,admin,2026-05-08 11:55:20,2026-06-24 13:41:29
436,38,kai.novak92@sable.com,admin,2026-08-26 06:21:59,2026-08-29 15:16:04
437,38,ines.hansen78@sable.com,admin,2026-05-01 09:39:24,2026-08-11 13:47:51
438,38,kai.hansen17@sable.com,member,2026-05-18 12:21:56,2026-07-28 05:11:16
439,38,riley.garcia41@sable.com,admin,2026-06-29 07:55:53,2026-08-23 08:07:20
440,38,emerson.tanaka37@sable.com,member,2026-05-12 10:57:10,2026-06-14 13:48:59
441,38,ines.muller72@sable.com,member,2026-05-21 06:11:02,2026-08-13 14:28:03
442,38,taylor.rossi91@sable.com,admin,2026-06-30 10:45:35,2026-07-07 23:59:31
443,38,mateo.walsh15@sable.com,member,2026-07-04 09:53:10,2026-08-28 08:22:05
444,39,amara.berg28@falcon.com,member,2026-05-08 06:49:31,2026-05-08 12:36:11
445,39,casey.dubois4@falcon.com,viewer,2026-08-20 07:20:09,2026-08-30 07:23:37
446,39,jordan.murphy91@falcon.com,member,2026-03-07 10:02:41,2026-07-01 13:17:38
447,39,mateo.dubois94@falcon.com,admin,2026-08-06 14:20:51,2026-08-31 13:13:55
448,39,jordan.santos78@falcon.com,viewer,2026-03-14 07:54:13,2026-06-24 09:15:49
449,39,kai.okoro37@falcon.com,member,2026-04-10 16:19:57,2026-05-19 07:31:51
450,39,dev.muller46@falcon.com,viewer,2026-08-22 11:36:38,2026-08-27 12:31:28
451,39,jordan.tanaka48@falcon.com,member,2026-06-16 21:43:14,2026-08-10 13:05:02
452,39,riley.walsh68@falcon.com,admin,2026-08-12 16:19:09,2026-08-28 06:29:27
453,39,hayden.silva67@falcon.com,admin,2026-04-01 07:27:26,2026-08-24 05:04:58
454,39,mateo.berg33@falcon.com,admin,2026-03-24 14:11:50,2026-08-20 06:32:01
455,39,kai.kim11@falcon.com,viewer,2026-04-15 11:51:16,2026-06-30 10:46:29
456,39,morgan.novak24@falcon.com,viewer,2026-05-26 09:43:06,
457,39,lars.patel1@falcon.com,member,2026-06-19 17:47:38,2026-06-20 08:30:29
458,39,hayden.young79@falcon.com,viewer,2026-07-02 07:08:00,2026-08-14 20:43:25
459,39,casey.patel90@falcon.com,member,2026-04-17 11:40:54,2026-04-23 08:41:09
460,40,jordan.chen99@falcon.com,viewer,2025-04-26 15:28:31,2025-12-24 11:07:10
461,40,alex.murphy75@falcon.com,admin,2026-02-07 01:40:54,2026-04-23 13:53:25
462,40,noor.walsh95@falcon.com,member,2025-12-29 12:37:46,2026-07-04 13:18:02
463,40,ines.silva92@falcon.com,admin,2026-07-01 13:35:04,
464,40,noor.walsh15@falcon.com,admin,2025-07-14 09:12:30,2026-06-09 10:44:27
465,40,mateo.silva65@falcon.com,member,2025-09-30 11:56:18,2026-03-22 18:54:53
466,40,noor.hansen61@falcon.com,member,2025-11-16 14:08:11,2026-02-06 13:18:44
467,40,morgan.young63@falcon.com,member,2025-05-05 23:19:15,
468,40,lars.kim3@falcon.com,viewer,2025-05-15 17:02:51,2025-09-25 10:10:11
469,40,rowan.tanaka15@falcon.com,viewer,2024-12-17 15:49:02,2025-04-19 13:31:16
470,40,taylor.muller89@falcon.com,viewer,2026-05-06 11:29:53,2026-07-22 14:45:03
471,40,casey.young79@falcon.com,admin,2025-02-03 13:55:13,2025-05-18 16:02:32
472,40,morgan.chen91@falcon.com,member,2025-10-18 10:52:08,2026-07-04 12:55:06
473,40,avery.murphy54@falcon.com,member,2025-02-15 12:05:17,2025-02-21 09:51:30
474,40,noor.hansen81@falcon.com,viewer,2025-10-29 07:27:26,2026-01-14 15:33:26
475,40,mateo.ivanov88@falcon.com,member,2025-12-06 12:04:05,2025-12-21 11:49:00
476,40,rowan.okoro99@falcon.com,viewer,2025-09-24 08:36:03,2025-10-25 10:02:42
477,40,yuki.chen54@falcon.com,member,2026-07-21 10:52:17,2026-08-25 17:46:47
478,41,riley.okoro58@solstice.com,member,2024-11-27 10:51:50,2024-12-31 13:39:41
479,41,kai.novak39@solstice.com,member,2024-12-07 10:46:47,
480,41,yuki.santos37@solstice.com,viewer,2024-07-26 08:01:56,2024-12-03 12:33:21
481,41,amara.ali31@solstice.com,member,2024-11-09 16:16:40,2024-12-17 15:32:07
482,41,emerson.smith7@solstice.com,admin,2024-10-31 10:15:51,2024-11-15 11:36:47
483,41,amara.berg92@solstice.com,member,2024-12-31 09:42:50,2025-01-10 14:54:38
484,41,amara.muller92@solstice.com,member,2024-12-24 15:29:06,2024-12-31 07:33:37
485,41,noor.tanaka11@solstice.com,member,2024-07-31 07:13:28,
486,41,emerson.ivanov52@solstice.com,member,2024-07-13 14:28:44,2024-11-22 15:55:16
487,41,noor.rossi19@solstice.com,member,2024-10-27 12:44:13,2024-12-28 14:08:45
488,41,ines.kim96@solstice.com,viewer,2024-10-18 07:23:36,2024-12-28 10:07:38
489,41,sam.ivanov20@solstice.com,member,2024-09-06 10:18:31,
490,41,riley.muller76@solstice.com,viewer,2024-07-01 12:07:35,2024-09-17 17:13:11
491,41,jordan.kim54@solstice.com,viewer,2024-09-21 11:46:53,2024-10-30 13:57:21
492,41,riley.muller65@solstice.com,member,2024-11-26 07:39:42,2024-12-24 14:09:55
493,41,noor.okoro30@solstice.com,member,2024-11-30 09:05:55,2024-12-21 12:42:56
494,41,alex.berg81@solstice.com,member,2024-08-05 08:39:34,2024-10-23 13:07:41
495,41,sam.berg67@solstice.com,member,2024-11-18 12:01:17,2024-12-18 12:01:07
496,41,avery.silva91@solstice.com,member,2025-01-11 13:31:55,2025-01-12 07:34:38
497,41,rowan.tanaka24@solstice.com,admin,2024-06-29 07:10:18,2024-11-11 10:16:05
498,41,morgan.ali99@solstice.com,member,2024-07-30 11:10:03,
499,41,rowan.rossi4@solstice.com,member,2024-11-28 10:24:52,2024-12-17 10:20:09
500,42,avery.silva97@blue.com,member,2026-04-01 07:03:20,2026-05-31 12:48:32
501,42,lars.tanaka9@blue.com,admin,2026-07-15 13:37:43,2026-08-10 14:58:56
502,42,quinn.santos84@blue.com,viewer,2026-04-13 12:50:09,2026-06-29 13:28:05
503,42,lars.rossi32@blue.com,admin,2026-06-22 16:53:39,2026-08-15 20:35:28
504,42,morgan.patel8@blue.com,member,2026-06-01 23:53:40,2026-08-01 09:16:53
505,42,amara.ivanov37@blue.com,member,2026-05-12 13:19:05,
506,42,casey.muller93@blue.com,member,2026-06-28 16:56:43,2026-08-02 17:13:39
507,42,taylor.murphy35@blue.com,member,2026-06-14 18:08:41,2026-07-25 10:29:38
508,42,dev.walsh1@blue.com,member,2026-03-19 15:34:05,2026-05-02 11:57:44
509,42,lars.patel86@blue.com,viewer,2026-04-07 10:11:53,2026-05-08 10:52:24
510,42,casey.murphy48@blue.com,viewer,2026-03-21 14:45:22,2026-07-12 01:47:01
511,42,jordan.young81@blue.com,admin,2026-05-07 12:45:45,2026-08-06 09:31:23
512,42,avery.patel26@blue.com,member,2026-08-21 12:35:12,2026-08-31 10:55:17
513,42,dev.berg23@blue.com,admin,2026-08-10 06:16:59,
514,42,quinn.ivanov94@blue.com,member,2026-08-11 13:43:35,2026-08-17 16:01:44
515,42,alex.tanaka83@blue.com,viewer,2026-07-13 11:07:43,2026-08-23 05:20:27
516,42,mateo.walsh47@blue.com,member,2026-07-29 11:28:20,2026-07-31 17:14:03
517,42,kai.novak43@blue.com,member,2026-03-20 03:47:14,
518,42,jordan.silva26@blue.com,admin,2026-07-05 11:01:37,2026-07-24 06:40:06
519,42,rowan.ali32@blue.com,member,2026-08-26 10:03:52,
520,42,yuki.silva10@blue.com,member,2026-06-12 07:03:58,2026-08-30 11:06:40
521,42,kai.dubois89@blue.com,admin,2026-03-27 18:28:03,
522,43,noor.garcia14@ridgeline.com,member,2026-07-20 13:26:14,2026-08-24 05:54:24
523,43,dev.patel59@ridgeline.com,member,2026-07-13 19:50:01,2026-08-09 17:39:06
524,43,yuki.dubois76@ridgeline.com,member,2026-06-06 16:57:36,2026-06-19 01:45:04
525,43,yuki.ali46@ridgeline.com,viewer,2026-03-14 06:19:37,2026-08-19 11:15:08
526,43,yuki.hansen40@ridgeline.com,member,2026-06-01 10:23:00,2026-08-09 15:09:30
527,43,amara.muller8@ridgeline.com,member,2026-06-22 08:04:21,2026-06-28 11:12:12
528,43,ines.murphy77@ridgeline.com,member,2026-03-30 10:06:29,2026-08-25 13:21:39
529,43,sam.walsh29@ridgeline.com,member,2026-08-31 08:30:47,2026-08-31 14:44:14
530,43,rowan.okoro27@ridgeline.com,admin,2026-08-25 03:07:09,2026-08-31 22:23:00
531,44,amara.hansen6@northwind.com,viewer,2026-04-26 15:21:54,2026-06-15 08:11:14
532,44,quinn.rossi26@northwind.com,viewer,2026-07-27 18:01:53,
533,44,riley.okoro84@northwind.com,member,2026-08-28 10:23:42,2026-08-28 10:13:19
534,44,yuki.young56@northwind.com,admin,2026-04-20 08:34:24,2026-05-06 07:56:59
535,44,rowan.young55@northwind.com,member,2026-06-11 17:18:50,2026-07-12 18:48:39
536,44,rowan.silva7@northwind.com,viewer,2026-04-15 17:13:46,2026-06-25 17:54:32
537,44,ines.young9@northwind.com,member,2026-03-28 12:29:11,2026-07-05 15:41:48
538,44,emerson.ivanov89@northwind.com,member,2026-05-29 15:41:02,2026-07-31 11:37:25
539,44,quinn.novak58@northwind.com,member,2026-04-30 08:53:23,2026-06-19 09:27:56
540,45,riley.garcia38@sable.com,member,2025-05-05 10:28:29,2025-11-01 09:02:29
541,45,noor.hansen64@sable.com,member,2026-04-26 06:57:05,2026-08-01 03:28:14
542,45,yuki.ivanov70@sable.com,admin,2025-12-06 04:12:21,2026-04-26 18:06:07
543,45,rowan.ali39@sable.com,member,2025-08-28 07:54:48,2026-08-12 16:12:45
544,45,taylor.patel99@sable.com,viewer,2026-08-18 15:00:30,2026-08-31 10:25:25
545,45,riley.okoro30@sable.com,viewer,2026-07-17 15:46:52,2026-07-30 11:33:37
546,45,rowan.garcia41@sable.com,member,2026-05-26 11:35:01,2026-07-19 15:44:26
547,45,riley.berg17@sable.com,member,2026-02-26 09:27:43,2026-02-28 12:42:53
548,46,lars.chen42@orchard.com,member,2026-06-23 16:58:38,2026-06-27 18:09:21
549,46,kai.okoro27@orchard.com,admin,2026-02-23 13:28:40,2026-03-11 12:12:30
550,46,jordan.rossi14@orchard.com,member,2025-05-23 08:04:58,2025-08-21 04:44:38
551,46,hayden.novak30@orchard.com,member,2025-08-15 08:55:58,2026-05-10 06:03:23
552,46,kai.rossi15@orchard.com,viewer,2025-09-09 17:08:55,2026-04-11 11:04:24
553,46,hayden.tanaka91@orchard.com,member,2025-02-11 15:29:17,2025-07-23 13:19:37
554,46,alex.muller58@orchard.com,member,2025-02-07 16:33:21,
555,46,ines.murphy60@orchard.com,viewer,2026-02-18 10:53:45,2026-08-25 07:41:56
556,46,kai.young23@orchard.com,member,2025-05-16 18:11:44,2025-08-15 17:46:27
557,46,casey.okoro90@orchard.com,viewer,2026-02-18 12:42:58,2026-04-20 17:10:17
558,46,avery.walsh53@orchard.com,viewer,2024-09-22 12:49:20,2026-04-11 07:23:04
559,46,mateo.rossi33@orchard.com,member,2025-09-08 15:24:21,2025-09-30 11:04:40
560,46,kai.novak51@orchard.com,member,2026-08-18 14:08:20,
561,46,mateo.walsh60@orchard.com,member,2026-06-02 09:28:08,
562,46,taylor.rossi22@orchard.com,member,2025-11-10 08:42:48,2025-12-31 08:07:34
563,46,taylor.muller57@orchard.com,member,2024-07-27 11:03:53,2025-03-05 14:57:43
564,46,yuki.smith50@orchard.com,viewer,2026-04-27 15:59:15,2026-06-22 05:00:03
565,47,avery.garcia3@nimbus.com,member,2026-01-03 09:56:06,2026-01-06 10:12:43
566,47,morgan.rossi6@nimbus.com,member,2026-08-09 13:59:34,2026-08-12 16:20:35
567,47,noor.smith30@nimbus.com,member,2026-03-24 01:13:29,2026-06-23 10:00:25
568,47,jordan.ali84@nimbus.com,member,2025-12-24 13:06:45,2026-01-04 06:13:26
569,47,amara.rossi33@nimbus.com,member,2026-06-04 18:49:44,2026-08-19 10:40:44
570,47,rowan.rossi82@nimbus.com,admin,2025-11-10 02:58:37,2026-04-21 21:42:30
571,47,kai.ivanov82@nimbus.com,admin,2026-04-20 15:07:19,2026-08-26 13:00:14
572,47,noor.silva80@nimbus.com,admin,2026-01-02 12:12:09,
573,47,avery.kim31@nimbus.com,viewer,2026-03-14 07:20:41,2026-08-14 22:28:47
574,47,yuki.tanaka83@nimbus.com,member,2025-09-23 08:03:58,2025-10-05 09:46:21
575,48,quinn.young49@northwind.com,viewer,2026-01-07 06:12:03,2026-02-22 11:00:04
576,48,riley.novak17@northwind.com,member,2026-07-23 16:59:13,
577,48,yuki.garcia55@northwind.com,member,2025-12-31 13:19:18,2026-03-20 08:12:15
578,48,mateo.novak35@northwind.com,member,2026-06-24 11:27:32,2026-08-24 06:23:25
579,48,noor.muller62@northwind.com,member,2026-07-11 17:48:58,
580,48,dev.santos20@northwind.com,member,2026-02-02 10:38:30,2026-03-18 09:29:19
581,48,rowan.muller92@northwind.com,viewer,2025-10-08 15:23:31,2025-12-26 18:00:00
582,48,noor.okoro96@northwind.com,member,2026-03-28 05:58:07,2026-07-31 10:37:04
583,48,amara.rossi25@northwind.com,member,2026-03-18 14:40:44,2026-05-22 15:48:46
584,48,sam.okoro55@northwind.com,member,2026-03-09 14:01:44,2026-05-10 11:58:52
585,48,riley.ali78@northwind.com,member,2026-08-08 14:10:00,2026-08-29 08:15:38
586,48,jordan.okoro51@northwind.com,member,2025-10-31 16:16:44,2025-12-11 12:12:56
587,48,yuki.santos85@northwind.com,viewer,2026-02-03 15:05:06,2026-07-03 10:26:48
588,48,amara.hansen19@northwind.com,member,2026-07-24 22:52:31,2026-08-06 18:25:44
589,48,casey.garcia90@northwind.com,member,2025-09-02 10:45:08,2026-04-03 14:46:27
590,48,ines.rossi65@northwind.com,member,2025-12-12 15:51:48,2026-07-30 13:13:11
591,48,taylor.tanaka57@northwind.com,member,2025-12-09 10:17:04,2026-02-02 17:10:05
592,48,alex.berg31@northwind.com,member,2026-02-24 20:42:37,2026-08-15 15:00:03
593,48,casey.novak67@northwind.com,viewer,2025-09-23 11:21:38,2026-04-03 13:48:17
594,48,rowan.hansen88@northwind.com,member,2026-04-09 13:22:55,2026-06-28 16:23:42
595,48,casey.patel59@northwind.com,admin,2026-02-18 13:55:33,2026-05-31 15:56:59
596,48,quinn.hansen58@northwind.com,member,2026-01-23 00:40:52,2026-07-10 17:32:26
597,49,sam.dubois87@orchard.com,admin,2026-04-14 11:59:59,2026-08-16 11:39:50
598,49,casey.okoro38@orchard.com,viewer,2026-06-12 15:02:08,2026-06-30 17:56:36
599,49,jordan.chen87@orchard.com,member,2026-06-23 12:15:13,2026-08-21 08:28:07
600,49,jordan.smith56@orchard.com,viewer,2026-01-07 15:14:46,2026-01-14 08:59:20
601,49,ines.smith86@orchard.com,viewer,2026-02-20 10:14:59,2026-07-06 14:31:05
602,49,dev.garcia83@orchard.com,member,2026-08-02 14:35:54,2026-08-31 15:47:46
603,49,quinn.silva34@orchard.com,admin,2026-05-23 07:47:37,
604,49,casey.berg48@orchard.com,admin,2026-01-16 06:34:12,2026-04-06 20:36:47
605,49,noor.dubois99@orchard.com,member,2026-04-28 13:06:25,2026-07-23 19:08:33
606,50,rowan.muller38@blue.com,member,2025-11-28 15:54:51,2026-08-10 14:09:38
607,50,sam.young41@blue.com,member,2026-08-03 14:13:31,2026-08-25 07:54:45
608,50,kai.kim43@blue.com,viewer,2025-06-08 14:03:59,2026-06-09 08:46:59
609,51,ines.okoro39@yardley.com,member,2026-01-14 10:43:30,2026-07-01 18:10:01
610,51,kai.okoro10@yardley.com,member,2026-02-27 12:06:08,2026-05-10 09:59:12
611,51,amara.kim91@yardley.com,member,2026-02-20 17:13:13,2026-04-02 13:28:44
612,51,avery.patel47@yardley.com,member,2026-06-23 21:43:53,2026-06-29 14:54:09
613,51,sam.smith46@yardley.com,member,2026-01-12 13:09:40,2026-02-26 19:07:32
614,51,kai.silva5@yardley.com,member,2026-06-02 09:38:11,
615,51,kai.garcia60@yardley.com,member,2026-05-16 07:05:07,2026-07-03 09:41:28
616,51,yuki.silva3@yardley.com,admin,2026-04-04 13:24:30,2026-06-16 11:44:47
617,51,noor.chen74@yardley.com,viewer,2026-05-14 08:52:44,2026-06-24 06:58:55
618,51,kai.santos69@yardley.com,member,2025-12-05 14:50:41,2026-04-19 12:33:53
619,51,avery.smith24@yardley.com,viewer,2025-12-31 07:08:36,2026-06-26 08:35:28
620,51,morgan.garcia72@yardley.com,member,2026-01-21 20:10:27,2026-01-29 06:07:32
621,51,alex.silva39@yardley.com,viewer,2026-05-17 18:18:42,
622,51,mateo.muller74@yardley.com,member,2026-04-15 08:06:42,2026-05-25 12:22:38
623,51,sam.silva5@yardley.com,member,2026-06-27 09:22:17,2026-07-06 17:13:08
624,51,dev.tanaka10@yardley.com,member,2026-01-01 06:16:43,2026-03-08 10:57:10
625,51,riley.santos27@yardley.com,member,2026-03-18 23:44:41,
626,51,emerson.berg85@yardley.com,member,2026-01-18 23:27:24,2026-05-28 13:26:52
627,51,dev.silva10@yardley.com,admin,2025-12-06 14:23:58,2026-04-21 07:35:26
628,51,taylor.muller29@yardley.com,viewer,2026-02-23 15:07:11,2026-03-20 10:14:24
629,52,amara.walsh13@halcyon.com,member,2026-06-17 17:10:20,2026-08-29 17:35:17
630,52,morgan.hansen95@halcyon.com,viewer,2026-07-08 11:08:16,2026-08-27 12:38:56
631,52,yuki.muller85@halcyon.com,viewer,2026-04-02 14:23:45,2026-07-07 13:17:03
632,52,dev.tanaka91@halcyon.com,member,2026-06-02 09:27:33,2026-07-28 22:51:29
633,52,hayden.garcia40@halcyon.com,admin,2026-05-28 09:05:10,2026-07-07 16:40:05
634,52,sam.garcia96@halcyon.com,member,2026-08-25 19:08:30,2026-08-28 16:00:27
635,52,yuki.santos90@halcyon.com,member,2026-08-05 14:44:34,2026-08-05 13:58:53
636,52,quinn.ivanov88@halcyon.com,viewer,2026-06-27 12:14:11,2026-08-23 20:43:59
637,52,emerson.muller66@halcyon.com,member,2026-04-19 07:58:43,2026-05-02 11:24:10
638,52,lars.smith38@halcyon.com,member,2026-06-02 10:59:19,2026-07-09 09:00:47
639,52,sam.murphy80@halcyon.com,member,2026-08-09 10:00:22,2026-08-10 10:39:29
640,52,kai.hansen2@halcyon.com,member,2026-05-17 07:32:57,
641,53,ines.patel20@halcyon.com,member,2025-12-16 11:11:34,2026-04-23 09:25:23
642,53,casey.murphy85@halcyon.com,admin,2026-02-28 17:45:12,2026-04-10 08:47:27
643,53,avery.chen6@halcyon.com,member,2025-12-09 08:30:42,2026-07-12 15:57:02
644,53,casey.tanaka63@halcyon.com,viewer,2026-02-27 17:32:46,2026-08-20 14:20:48
645,53,riley.smith14@halcyon.com,viewer,2026-05-01 09:43:53,2026-05-17 08:32:00
646,53,noor.young95@halcyon.com,member,2026-04-07 09:05:48,
647,53,quinn.young20@halcyon.com,viewer,2026-05-21 23:15:42,2026-06-13 09:49:07
648,54,ines.smith90@anchor.com,member,2026-06-08 08:07:08,2026-08-25 08:54:37
649,54,sam.ali25@anchor.com,viewer,2026-07-04 10:33:19,2026-07-31 02:12:05
650,54,quinn.silva44@anchor.com,member,2026-08-11 09:17:22,2026-08-12 12:41:03
651,54,noor.silva41@anchor.com,member,2026-08-13 08:30:17,2026-08-18 05:03:42
652,54,casey.tanaka24@anchor.com,admin,2026-07-30 01:35:49,2026-08-30 10:19:07
653,54,rowan.hansen95@anchor.com,member,2026-05-30 08:24:05,2026-08-13 12:23:15
654,54,riley.young16@anchor.com,viewer,2026-05-27 17:52:12,
655,54,mateo.smith10@anchor.com,viewer,2026-06-07 08:46:09,2026-08-25 10:46:30
656,54,riley.novak54@anchor.com,viewer,2026-05-19 13:22:57,2026-06-20 17:48:54
657,54,mateo.smith56@anchor.com,member,2026-06-29 19:32:50,
658,54,morgan.young36@anchor.com,viewer,2026-05-16 14:47:52,2026-06-01 09:36:03
659,54,ines.santos66@anchor.com,member,2026-07-03 10:38:17,2026-07-13 11:32:24
660,54,morgan.patel21@anchor.com,viewer,2026-06-09 11:45:46,2026-08-23 14:56:59
661,54,taylor.chen29@anchor.com,admin,2026-07-20 09:02:40,2026-08-06 12:10:14
662,55,riley.ali7@summit.com,admin,2026-04-20 14:40:38,2026-06-22 22:13:34
663,55,rowan.garcia91@summit.com,member,2026-05-13 10:03:40,2026-06-15 15:26:57
664,55,emerson.silva94@summit.com,member,2026-02-10 17:49:37,2026-03-27 09:01:34
665,55,kai.ali81@summit.com,member,2026-03-07 08:40:51,2026-07-26 08:28:14
666,55,kai.muller58@summit.com,member,2026-08-19 12:29:11,2026-08-30 11:09:57
667,55,avery.berg63@summit.com,member,2026-03-25 08:25:43,2026-05-10 14:01:19
668,56,riley.garcia55@anchor.com,member,2025-06-05 15:51:00,2026-05-01 21:06:46
669,56,casey.okoro50@anchor.com,viewer,2026-03-05 15:41:59,
670,56,riley.silva99@anchor.com,admin,2025-05-23 13:00:50,
671,56,casey.santos95@anchor.com,member,2025-05-05 13:28:52,2026-07-15 14:12:08
672,56,hayden.dubois62@anchor.com,member,2025-07-23 02:02:06,2025-08-20 12:17:40
673,56,hayden.smith66@anchor.com,admin,2026-02-03 11:09:22,2026-05-20 08:58:14
674,56,hayden.silva88@anchor.com,admin,2026-04-01 20:22:04,2026-04-29 12:07:14
675,56,rowan.smith47@anchor.com,member,2026-03-12 12:38:11,2026-04-02 17:38:09
676,56,noor.muller86@anchor.com,viewer,2026-04-13 14:59:16,2026-06-25 10:06:17
677,56,jordan.patel20@anchor.com,member,2026-06-20 15:30:52,2026-07-08 10:24:28
678,56,casey.berg55@anchor.com,member,2025-06-04 10:20:31,2025-10-24 08:20:08
679,56,ines.tanaka78@anchor.com,member,2025-12-04 11:31:34,2026-05-23 07:41:58
680,56,ines.santos69@anchor.com,member,2026-01-29 15:51:47,2026-05-07 06:45:26
681,56,jordan.silva47@anchor.com,viewer,2025-08-21 02:35:30,
682,57,sam.hansen47@marlow.com,admin,2025-06-19 16:59:58,2026-07-22 16:18:29
683,57,quinn.novak29@marlow.com,admin,2026-05-04 20:45:09,
684,57,alex.tanaka48@marlow.com,admin,2026-03-20 13:30:53,
685,57,alex.muller47@marlow.com,viewer,2025-08-07 08:11:30,2025-12-10 06:36:53
686,57,yuki.chen61@marlow.com,admin,2025-07-20 07:03:56,2026-01-08 11:41:44
687,57,dev.rossi65@marlow.com,member,2025-03-31 14:16:58,2026-05-10 16:43:56
688,57,hayden.silva55@marlow.com,viewer,2026-07-25 07:13:25,2026-08-11 21:33:24
689,57,quinn.okoro24@marlow.com,member,2025-04-25 11:41:41,2026-02-05 13:04:52
690,57,kai.rossi7@marlow.com,admin,2026-04-17 13:54:21,2026-08-03 08:06:06
691,57,quinn.chen21@marlow.com,viewer,2025-03-27 08:12:40,2025-06-01 08:00:48
692,57,quinn.ali11@marlow.com,admin,2025-04-01 10:19:00,2025-05-16 13:50:30
693,57,hayden.okoro65@marlow.com,member,2026-02-27 10:57:47,2026-06-07 15:08:44
694,57,casey.ivanov20@marlow.com,viewer,2026-07-27 11:55:54,
695,57,hayden.rossi20@marlow.com,member,2025-04-06 09:43:41,2025-06-25 17:05:45
696,57,morgan.ivanov67@marlow.com,member,2025-07-21 15:21:18,2026-05-28 14:59:49
697,57,dev.tanaka6@marlow.com,member,2026-03-02 20:36:40,2026-08-23 10:13:39
698,57,casey.patel19@marlow.com,viewer,2026-07-21 12:29:20,2026-08-09 12:51:50
699,57,hayden.rossi9@marlow.com,member,2025-08-19 11:30:16,2026-02-21 10:04:11
700,57,riley.smith73@marlow.com,viewer,2026-05-25 18:08:28,2026-07-10 17:25:26
701,57,yuki.young41@marlow.com,viewer,2026-03-09 22:02:39,2026-08-30 11:28:16
702,57,quinn.santos2@marlow.com,member,2025-04-26 06:24:55,2025-06-18 09:10:36
703,57,jordan.hansen60@marlow.com,admin,2026-06-15 15:58:59,2026-08-22 18:29:06
704,57,noor.novak52@marlow.com,member,2026-04-09 15:07:17,2026-06-29 10:38:31
705,57,sam.santos20@marlow.com,admin,2026-06-07 13:24:03,2026-06-25 14:20:36
706,58,noor.walsh28@lakeside.com,viewer,2025-09-17 19:43:27,
707,58,taylor.rossi11@lakeside.com,member,2025-06-15 17:33:13,2025-11-02 11:19:55
708,58,taylor.rossi7@lakeside.com,viewer,2026-07-29 10:48:19,
709,58,avery.hansen54@lakeside.com,member,2025-02-27 18:36:24,2026-08-29 14:10:44
710,58,lars.young26@lakeside.com,member,2024-09-22 13:20:42,
711,58,alex.muller59@lakeside.com,viewer,2025-08-02 11:33:46,2026-04-14 17:07:50
712,58,mateo.muller82@lakeside.com,viewer,2024-09-15 11:34:49,2026-04-30 07:13:47
713,59,avery.hansen27@marlow.com,member,2026-06-28 09:52:55,2026-06-29 10:23:01
714,59,ines.murphy53@marlow.com,viewer,2026-04-24 10:59:11,2026-07-23 16:27:33
715,59,noor.hansen23@marlow.com,viewer,2026-07-19 14:27:40,2026-07-29 12:24:18
716,59,dev.smith12@marlow.com,viewer,2026-06-04 07:47:48,2026-06-17 07:01:39
717,59,lars.smith82@marlow.com,member,2026-08-30 15:35:24,2026-08-30 14:54:26
718,59,avery.walsh16@marlow.com,member,2026-04-22 15:00:23,2026-08-18 11:52:41
719,59,yuki.chen35@marlow.com,viewer,2026-05-20 14:00:57,2026-06-22 09:57:50
720,60,alex.patel20@tidewater.com,member,2026-01-20 10:36:27,2026-08-23 16:52:47
721,60,lars.okoro25@tidewater.com,member,2026-03-14 07:40:24,2026-06-22 16:51:59
722,60,morgan.okoro41@tidewater.com,admin,2026-07-17 07:36:50,2026-08-13 09:45:51
723,60,taylor.santos21@tidewater.com,admin,2026-04-22 15:09:01,2026-06-13 07:01:27
724,60,lars.garcia74@tidewater.com,viewer,2026-06-19 08:41:57,2026-07-05 21:40:40
725,60,hayden.novak69@tidewater.com,member,2026-03-09 19:40:01,2026-06-13 15:42:03
726,60,amara.smith15@tidewater.com,viewer,2026-06-24 07:31:54,2026-07-09 07:18:16
727,60,avery.okoro13@tidewater.com,admin,2026-04-14 14:24:56,2026-04-19 11:31:40
728,60,mateo.rossi24@tidewater.com,viewer,2026-04-02 07:21:22,2026-05-17 14:40:38
729,60,dev.young70@tidewater.com,member,2026-05-15 09:07:12,
730,60,alex.santos3@tidewater.com,viewer,2026-06-16 03:08:14,2026-07-05 09:23:07
731,60,riley.ali36@tidewater.com,member,2026-02-02 15:31:27,2026-02-25 10:35:41
732,60,kai.novak33@tidewater.com,viewer,2026-05-23 07:50:49,2026-08-18 16:45:17
733,60,hayden.rossi27@tidewater.com,member,2026-06-11 09:20:39,2026-08-12 11:28:27
734,60,dev.okoro55@tidewater.com,admin,2026-02-08 08:02:32,2026-05-09 10:40:52
735,60,amara.tanaka38@tidewater.com,member,2026-03-17 07:51:20,2026-08-29 19:33:22
736,60,morgan.hansen32@tidewater.com,member,2026-05-01 10:49:20,
737,60,alex.dubois89@tidewater.com,member,2026-02-12 11:50:20,
738,60,quinn.santos9@tidewater.com,member,2026-08-30 13:56:51,2026-08-30 12:06:35
739,60,jordan.berg83@tidewater.com,member,2026-08-20 16:31:02,2026-08-26 10:20:12
740,60,noor.smith16@tidewater.com,member,2026-03-23 09:41:50,2026-08-23 10:24:15
741,60,amara.patel60@tidewater.com,member,2026-08-19 10:01:04,2026-08-25 04:34:58
742,61,hayden.ali41@ridgeline.com,member,2026-04-19 05:19:44,2026-07-30 06:49:20
743,61,ines.smith48@ridgeline.com,admin,2026-05-29 07:20:55,2026-06-11 03:03:52
744,61,quinn.rossi12@ridgeline.com,viewer,2026-05-10 19:55:03,2026-08-21 10:57:34
745,61,sam.smith7@ridgeline.com,viewer,2025-11-10 10:44:10,2025-12-18 09:44:39
746,61,amara.murphy16@ridgeline.com,viewer,2025-07-09 11:28:42,2025-09-22 15:56:54
747,61,yuki.ivanov31@ridgeline.com,viewer,2025-06-23 11:05:16,2026-05-27 12:17:20
748,61,jordan.hansen72@ridgeline.com,member,2025-12-18 06:31:03,2026-04-21 14:47:54
749,61,alex.novak60@ridgeline.com,viewer,2025-09-23 15:32:54,2025-12-28 12:21:13
750,62,mateo.muller65@quill.com,admin,2025-06-20 18:24:28,
751,62,yuki.novak52@quill.com,viewer,2026-05-02 13:06:09,2026-06-06 11:43:19
752,62,casey.smith31@quill.com,member,2025-11-20 09:30:42,
753,62,mateo.hansen34@quill.com,member,2026-01-30 10:13:09,
754,62,yuki.tanaka66@quill.com,member,2025-09-15 15:27:12,2026-04-28 09:06:03
755,62,avery.okoro23@quill.com,admin,2025-06-02 05:15:07,2026-02-28 13:33:27
756,62,casey.kim5@quill.com,member,2025-03-17 13:45:25,2025-11-16 06:06:17
757,62,kai.smith29@quill.com,viewer,2025-09-10 10:18:45,2026-08-30 09:13:10
758,62,hayden.patel13@quill.com,member,2026-04-07 08:43:04,2026-08-07 15:54:58
759,63,mateo.muller2@nimbus.com,viewer,2026-04-16 08:48:54,2026-08-03 10:11:16
760,63,dev.hansen61@nimbus.com,admin,2026-01-23 02:43:18,2026-05-28 17:30:07
761,63,quinn.ivanov65@nimbus.com,viewer,2026-08-22 10:31:47,2026-08-24 15:06:19
762,63,lars.ali85@nimbus.com,member,2026-04-20 10:33:49,2026-07-22 11:52:22
763,63,dev.walsh15@nimbus.com,viewer,2026-07-09 17:42:09,2026-08-11 15:01:09
764,64,quinn.berg95@umber.com,member,2026-03-10 20:40:06,2026-06-28 10:47:05
765,64,lars.murphy68@umber.com,member,2026-05-12 19:17:19,2026-08-06 10:21:25
766,64,sam.berg67@umber.com,viewer,2026-04-20 16:18:07,2026-05-21 11:29:36
767,64,ines.muller60@umber.com,member,2026-03-05 09:18:04,2026-07-16 20:39:35
768,64,alex.murphy6@umber.com,member,2026-05-17 11:42:53,2026-08-30 13:03:31
769,64,sam.ali18@umber.com,viewer,2026-03-03 13:05:45,2026-05-14 15:32:42
770,64,riley.novak56@umber.com,viewer,2026-05-11 09:43:40,2026-05-21 09:02:30
771,64,noor.okoro13@umber.com,member,2026-06-09 17:51:37,2026-07-17 13:11:36
772,64,avery.ali18@umber.com,member,2026-04-07 13:34:11,2026-05-28 09:05:19
773,64,noor.smith18@umber.com,member,2026-06-07 10:29:26,2026-07-17 12:43:45
774,65,alex.santos4@solstice.com,viewer,2026-07-07 15:37:32,2026-08-02 07:08:39
775,65,riley.young70@solstice.com,admin,2026-04-08 14:29:51,2026-06-22 05:54:25
776,65,sam.garcia8@solstice.com,viewer,2026-07-06 13:44:21,2026-08-16 07:38:06
777,65,casey.berg87@solstice.com,admin,2025-05-23 15:31:08,2026-05-25 05:13:33
778,65,riley.chen81@solstice.com,member,2025-11-05 06:09:38,2025-11-08 16:39:44
779,65,yuki.smith32@solstice.com,member,2025-07-23 18:19:25,2026-03-22 03:32:28
780,65,morgan.silva70@solstice.com,member,2026-07-30 14:11:09,2026-08-27 17:39:07
781,65,morgan.ivanov95@solstice.com,member,2025-11-23 20:31:23,2026-03-05 11:18:18
782,65,kai.okoro90@solstice.com,admin,2025-12-28 11:36:24,2026-04-25 11:27:09
783,65,amara.chen5@solstice.com,viewer,2025-04-02 11:46:29,2026-07-01 05:58:22
784,65,alex.rossi46@solstice.com,member,2025-12-30 10:04:11,2026-08-07 12:22:57
785,65,emerson.berg44@solstice.com,member,2025-08-24 10:58:53,2025-11-03 09:48:42
786,65,kai.walsh78@solstice.com,admin,2026-07-30 10:37:22,2026-08-31 15:33:16
787,65,jordan.kim4@solstice.com,member,2026-05-09 14:20:48,2026-05-29 09:42:06
788,65,quinn.smith23@solstice.com,admin,2025-11-14 13:07:02,2026-05-29 15:26:59
789,65,mateo.hansen78@solstice.com,member,2025-06-04 10:40:36,2025-06-19 18:20:06
790,65,avery.ali63@solstice.com,member,2025-10-12 12:50:12,2026-03-07 09:47:10
791,65,amara.patel81@solstice.com,viewer,2025-06-18 10:26:36,2025-08-06 08:51:08
792,65,rowan.rossi88@solstice.com,viewer,2025-06-03 13:30:32,2026-06-10 14:31:12
793,65,emerson.young72@solstice.com,viewer,2026-03-17 13:08:50,2026-04-03 11:40:24
794,65,casey.smith64@solstice.com,viewer,2026-01-21 09:53:16,2026-06-23 12:01:14
795,65,emerson.garcia21@solstice.com,member,2026-04-25 13:19:25,2026-05-14 12:15:54
796,65,lars.smith75@solstice.com,admin,2025-05-19 11:12:21,2026-08-31 22:41:01
797,65,riley.novak71@solstice.com,viewer,2025-05-21 09:04:51,2025-11-05 18:42:58
798,65,emerson.garcia54@solstice.com,member,2025-04-27 07:46:02,2026-03-06 18:56:35
799,66,yuki.silva84@northwind.com,viewer,2026-08-16 02:03:01,2026-08-19 09:54:56
800,66,lars.young49@northwind.com,viewer,2026-05-31 14:27:44,2026-06-02 12:03:24
801,66,lars.muller15@northwind.com,member,2026-07-29 11:03:15,2026-08-17 21:23:22
802,67,alex.silva53@halcyon.com,viewer,2026-02-12 09:03:04,2026-06-29 13:51:00
803,67,riley.murphy24@halcyon.com,member,2025-05-16 09:38:25,2025-10-23 10:41:56
804,67,casey.garcia10@halcyon.com,member,2025-12-18 18:14:28,2026-04-02 12:47:52
805,67,hayden.hansen71@halcyon.com,member,2026-04-17 12:03:22,2026-06-18 12:17:20
806,67,noor.young63@halcyon.com,member,2026-07-22 15:13:07,2026-08-04 18:53:33
807,67,riley.kim31@halcyon.com,viewer,2025-10-24 09:37:24,2026-06-13 19:01:31
808,67,jordan.kim36@halcyon.com,member,2025-09-17 05:13:24,2026-04-01 12:55:24
809,67,noor.santos7@halcyon.com,admin,2025-07-20 13:57:21,2025-08-05 12:22:59
810,68,amara.novak97@harbor.com,member,2026-05-23 13:55:27,
811,68,casey.santos50@harbor.com,member,2026-03-31 15:49:33,2026-06-12 17:34:29
812,68,morgan.okoro60@harbor.com,viewer,2026-05-22 19:05:15,2026-06-21 07:00:17
813,68,hayden.dubois74@harbor.com,member,2026-08-02 14:49:38,2026-08-21 09:17:42
814,68,casey.chen73@harbor.com,admin,2026-03-20 01:02:22,2026-05-26 16:28:29
815,68,lars.novak53@harbor.com,viewer,2026-07-17 09:39:35,
816,68,jordan.murphy24@harbor.com,member,2026-06-05 08:55:39,2026-07-10 09:31:08
817,68,sam.silva15@harbor.com,member,2026-08-31 10:35:45,2026-08-31 08:32:55
818,69,taylor.patel87@juniper.com,member,2025-09-30 07:32:28,2025-12-29 12:02:38
819,69,yuki.garcia31@juniper.com,member,2025-07-17 14:56:18,2025-12-10 10:52:43
820,69,alex.dubois78@juniper.com,member,2025-08-02 19:18:39,2025-10-26 21:57:41
821,69,morgan.hansen6@juniper.com,member,2025-06-05 16:32:45,2025-07-13 18:01:06
822,69,amara.hansen28@juniper.com,member,2026-02-05 23:05:04,2026-02-07 04:46:09
823,69,amara.ivanov74@juniper.com,viewer,2025-09-12 16:38:30,2025-12-28 12:07:54
824,69,rowan.ali25@juniper.com,viewer,2026-01-01 21:14:29,2026-01-19 18:21:15
825,69,casey.silva57@juniper.com,member,2025-10-29 18:41:30,2025-12-20 10:22:35
826,70,noor.silva73@blue.com,viewer,2026-05-27 14:42:08,2026-06-12 18:15:49
827,70,hayden.dubois41@blue.com,member,2025-11-15 12:09:36,
828,70,avery.rossi59@blue.com,admin,2026-07-13 09:35:45,
829,70,casey.muller5@blue.com,member,2026-06-18 12:24:57,2026-06-21 14:04:08
830,70,emerson.muller52@blue.com,viewer,2026-04-30 17:37:38,2026-05-30 14:07:21
831,70,sam.garcia95@blue.com,member,2025-06-12 11:48:30,2026-01-27 18:40:28
832,70,morgan.berg66@blue.com,viewer,2025-07-09 13:23:43,
833,70,kai.dubois57@blue.com,member,2026-06-01 12:03:36,2026-08-15 09:49:06
834,70,yuki.berg66@blue.com,viewer,2026-08-06 19:02:52,2026-08-19 09:24:20
835,70,noor.ivanov36@blue.com,member,2025-09-25 09:31:28,2026-08-06 10:22:18
836,70,morgan.chen34@blue.com,admin,2025-10-09 08:53:32,2025-12-02 18:42:17
837,70,alex.young6@blue.com,member,2025-08-13 16:23:13,2026-05-16 12:12:00
838,70,amara.tanaka94@blue.com,admin,2025-12-07 14:54:07,2026-02-09 16:18:58
839,70,noor.walsh34@blue.com,admin,2026-05-23 09:42:07,
840,71,quinn.garcia42@redwood.com,member,2025-03-06 15:45:44,2026-02-12 09:40:47
841,71,sam.tanaka13@redwood.com,member,2025-11-03 17:02:40,2026-07-27 10:53:35
842,71,quinn.muller76@redwood.com,member,2024-12-24 16:46:31,2025-08-06 14:16:30
843,71,riley.novak82@redwood.com,admin,2025-10-01 06:35:39,2026-06-22 17:47:13
844,71,morgan.kim54@redwood.com,member,2025-07-17 11:42:11,2026-05-27 10:37:15
845,71,quinn.chen86@redwood.com,member,2025-10-19 09:56:57,2026-05-07 13:34:30
846,71,noor.murphy42@redwood.com,member,2025-10-06 10:25:45,2026-05-11 07:29:20
847,71,ines.walsh77@redwood.com,member,2025-04-26 16:26:03,2025-08-24 03:17:32
848,71,rowan.ali87@redwood.com,member,2026-07-14 06:31:46,2026-08-08 16:27:25
849,71,rowan.kim40@redwood.com,member,2025-07-28 13:39:39,2025-11-18 13:10:34
850,71,riley.young70@redwood.com,member,2025-11-18 16:05:49,
851,71,emerson.santos9@redwood.com,viewer,2025-11-22 16:25:55,2026-08-14 08:34:12
852,71,hayden.rossi48@redwood.com,admin,2025-08-07 02:33:06,2025-11-25 12:15:00
853,71,kai.walsh6@redwood.com,member,2026-05-13 04:47:07,2026-06-20 03:40:49
854,71,kai.muller95@redwood.com,member,2026-01-06 15:26:01,2026-08-14 07:04:32
855,71,lars.young20@redwood.com,member,2024-12-31 10:53:38,
856,71,rowan.tanaka66@redwood.com,member,2025-10-31 14:30:24,2026-04-03 09:12:06
857,71,noor.garcia29@redwood.com,member,2025-10-10 12:24:01,2026-07-24 09:18:58
858,71,kai.hansen98@redwood.com,member,2026-05-08 09:23:30,2026-05-21 11:36:01
859,71,casey.chen43@redwood.com,member,2026-07-15 17:31:37,2026-08-24 21:06:35
860,71,jordan.muller52@redwood.com,viewer,2025-08-28 06:31:16,2026-04-27 12:53:36
861,71,hayden.dubois20@redwood.com,member,2026-02-10 13:55:00,
862,71,avery.santos63@redwood.com,member,2025-09-16 11:35:54,2026-02-23 20:15:20
863,71,casey.tanaka90@redwood.com,admin,2025-03-09 01:33:47,
864,71,morgan.novak57@redwood.com,member,2025-04-19 16:31:08,2025-06-16 05:27:31
865,72,noor.okoro2@bright.com,viewer,2026-03-05 09:20:39,2026-04-01 23:46:59
866,72,emerson.berg84@bright.com,member,2026-04-17 14:33:38,2026-04-21 12:13:51
867,72,ines.murphy27@bright.com,member,2026-01-26 14:30:00,2026-04-28 23:59:08
868,72,noor.rossi20@bright.com,member,2026-02-03 12:21:06,2026-02-03 10:12:12
869,72,dev.murphy77@bright.com,member,2026-01-01 01:12:17,2026-02-14 14:56:14
870,72,noor.berg94@bright.com,member,2026-01-30 14:12:04,2026-04-19 15:59:16
871,73,avery.ali23@vantage.com,member,2025-11-01 10:36:49,2025-11-27 07:33:37
872,73,dev.ali95@vantage.com,member,2026-03-06 09:59:51,2026-04-05 08:00:50
873,73,riley.muller22@vantage.com,admin,2026-03-12 16:27:42,2026-03-12 10:57:03
874,73,rowan.chen65@vantage.com,member,2026-02-03 11:19:53,2026-03-05 13:24:49
875,73,rowan.ivanov11@vantage.com,viewer,2026-02-16 14:53:27,2026-04-10 08:10:40
876,73,mateo.walsh89@vantage.com,member,2026-02-26 08:55:23,2026-04-10 07:57:27
877,73,emerson.tanaka28@vantage.com,member,2026-02-02 01:28:23,2026-02-26 10:11:59
878,73,avery.patel76@vantage.com,member,2026-02-17 01:17:02,2026-02-23 18:58:16
879,74,kai.kim90@orchard.com,admin,2026-07-09 15:30:38,2026-07-26 13:36:52
880,74,ines.rossi61@orchard.com,admin,2026-06-14 17:09:45,2026-08-22 16:02:23
881,74,riley.garcia54@orchard.com,admin,2025-09-03 07:34:17,2025-11-03 06:40:45
882,74,dev.patel43@orchard.com,viewer,2025-09-20 15:23:33,2026-03-01 17:10:57
883,74,kai.tanaka86@orchard.com,admin,2025-03-20 09:11:28,2025-05-25 08:48:32
884,74,taylor.young26@orchard.com,viewer,2025-04-20 00:17:35,2025-11-15 08:47:53
885,74,casey.dubois60@orchard.com,admin,2026-02-28 18:11:46,2026-08-25 07:59:29
886,74,morgan.dubois76@orchard.com,member,2025-06-02 10:05:56,2025-06-12 15:50:00
887,74,hayden.novak96@orchard.com,member,2025-11-13 09:36:20,2026-01-19 10:24:45
888,74,quinn.novak35@orchard.com,member,2026-05-03 07:22:37,2026-05-25 21:16:44
889,74,emerson.ivanov58@orchard.com,member,2026-03-13 12:13:44,2026-04-25 04:53:37
890,74,emerson.chen27@orchard.com,member,2026-05-24 12:13:16,2026-07-27 12:47:50
891,74,mateo.ali5@orchard.com,admin,2025-10-15 13:23:36,2026-07-06 14:11:30
892,74,amara.kim42@orchard.com,member,2026-03-27 10:41:57,2026-06-26 17:00:10
893,74,morgan.hansen40@orchard.com,viewer,2025-06-16 11:36:44,2026-03-22 08:01:28
894,75,ines.silva33@lakeside.com,member,2026-02-08 21:56:14,2026-07-11 10:43:25
895,75,yuki.smith54@lakeside.com,admin,2026-08-13 12:59:19,2026-08-21 20:25:37
896,75,yuki.novak73@lakeside.com,viewer,2026-05-20 10:49:09,2026-06-05 14:50:03
897,75,mateo.okoro22@lakeside.com,member,2026-01-12 06:15:54,2026-06-29 08:56:11
898,75,noor.garcia93@lakeside.com,member,2025-10-31 10:30:35,2026-08-11 16:23:00
899,75,kai.novak61@lakeside.com,viewer,2026-07-05 10:20:48,2026-08-27 11:15:48
900,75,kai.dubois37@lakeside.com,member,2025-09-25 14:37:01,2026-04-30 13:34:04
901,75,dev.rossi99@lakeside.com,member,2025-11-09 15:58:04,2026-05-13 10:52:00
902,75,quinn.muller64@lakeside.com,member,2026-06-14 08:09:18,2026-07-11 09:05:21
903,76,sam.ali54@yardley.com,member,2026-07-05 06:43:46,2026-07-30 14:53:06
904,76,kai.patel21@yardley.com,admin,2025-06-11 14:42:25,2026-04-01 12:43:29
905,76,sam.chen55@yardley.com,viewer,2026-05-06 12:49:30,2026-07-26 07:51:51
906,76,lars.hansen15@yardley.com,member,2026-02-06 08:21:59,2026-05-25 12:24:55
907,76,avery.ivanov79@yardley.com,admin,2025-11-19 17:29:23,2026-07-09 11:29:18
908,76,dev.hansen33@yardley.com,member,2025-04-20 08:22:26,2026-03-31 09:52:01
909,76,mateo.dubois39@yardley.com,member,2025-03-17 09:05:34,2025-07-09 10:02:34
910,77,ines.tanaka36@sable.com,viewer,2025-11-07 16:46:52,2026-06-29 14:15:58
911,77,amara.murphy6@sable.com,member,2026-05-20 08:46:40,
912,77,kai.ivanov93@sable.com,viewer,2025-10-15 15:27:25,
913,77,morgan.ali93@sable.com,viewer,2025-09-05 13:19:39,2025-10-15 16:27:07
914,77,lars.silva89@sable.com,viewer,2026-05-15 09:44:49,2026-07-01 13:13:48
915,78,sam.young52@pine.com,member,2026-08-31 02:26:42,2026-08-31 14:17:00
916,78,taylor.ali60@pine.com,admin,2026-02-22 10:04:39,2026-08-03 10:14:14
917,78,dev.murphy76@pine.com,viewer,2026-05-14 01:21:20,2026-07-29 10:24:30
918,78,mateo.muller60@pine.com,member,2026-06-13 09:02:42,2026-08-15 08:44:10
919,78,ines.santos45@pine.com,member,2026-01-27 12:19:18,
920,78,mateo.murphy4@pine.com,member,2026-05-28 23:01:48,2026-08-10 08:22:36
921,78,lars.walsh31@pine.com,admin,2026-05-12 10:13:07,2026-07-19 07:38:54
922,79,morgan.okoro71@tidewater.com,member,2025-11-20 10:06:42,2026-03-11 11:38:17
923,79,rowan.ivanov69@tidewater.com,member,2026-08-07 16:28:10,2026-08-14 17:31:48
924,79,kai.chen1@tidewater.com,member,2025-11-19 07:37:41,2026-05-09 15:41:11
925,79,noor.tanaka25@tidewater.com,member,2026-03-23 06:36:46,2026-08-28 09:39:39
926,79,alex.dubois79@tidewater.com,viewer,2026-03-18 02:38:56,2026-08-10 13:43:05
927,79,kai.santos66@tidewater.com,member,2026-07-21 11:45:58,2026-07-31 11:46:55
928,79,rowan.muller38@tidewater.com,admin,2025-12-01 13:29:15,
929,79,dev.murphy31@tidewater.com,member,2026-08-06 10:58:58,2026-08-20 12:07:51
930,79,quinn.murphy93@tidewater.com,member,2025-11-10 12:30:55,2025-11-13 15:43:43
931,79,jordan.tanaka34@tidewater.com,member,2026-03-06 12:01:28,2026-07-21 07:49:38
932,80,hayden.okoro93@onyx.com,member,2026-01-08 11:50:07,2026-04-11 10:59:32
933,80,riley.ali98@onyx.com,member,2026-01-31 14:09:58,2026-08-11 15:46:10
934,80,ines.novak34@onyx.com,member,2026-04-12 06:57:45,
935,80,quinn.ali44@onyx.com,member,2026-08-17 09:02:48,2026-08-24 10:28:44
936,80,riley.ivanov37@onyx.com,viewer,2026-02-18 13:45:18,
937,80,morgan.berg82@onyx.com,member,2026-05-15 14:09:38,2026-08-14 11:18:09
938,80,kai.ali82@onyx.com,member,2026-05-07 09:46:32,2026-08-23 08:19:09
939,80,kai.walsh80@onyx.com,member,2026-08-30 12:24:55,2026-08-31 14:37:54
940,80,morgan.ivanov62@onyx.com,member,2026-08-14 08:09:17,2026-08-26 01:04:21
941,80,avery.hansen64@onyx.com,viewer,2026-02-08 15:33:57,2026-07-21 18:53:47
942,81,emerson.kim52@anchor.com,viewer,2026-03-01 16:34:55,2026-05-24 12:17:35
943,81,sam.murphy73@anchor.com,member,2026-01-29 14:15:14,2026-04-01 09:47:11
944,81,mateo.rossi6@anchor.com,member,2026-07-04 16:04:57,2026-07-21 12:05:47
945,81,riley.ivanov39@anchor.com,member,2026-08-28 13:37:30,
946,81,casey.santos7@anchor.com,member,2026-05-07 11:06:34,2026-07-27 06:30:07
947,81,avery.young63@anchor.com,admin,2026-06-08 17:49:41,2026-06-09 13:55:57
948,81,amara.young97@anchor.com,member,2026-02-27 14:21:32,2026-02-27 09:26:38
949,81,yuki.chen83@anchor.com,member,2026-05-12 12:40:28,2026-08-31 12:21:17
950,82,morgan.walsh1@orchard.com,admin,2026-07-20 11:19:06,2026-08-21 11:10:11
951,82,mateo.dubois82@orchard.com,member,2026-08-16 09:19:20,2026-08-21 08:06:48
952,82,yuki.walsh14@orchard.com,member,2026-07-23 08:25:50,2026-08-31 08:43:09
953,82,morgan.young85@orchard.com,viewer,2026-02-20 15:17:14,2026-07-02 21:41:38
954,82,ines.chen48@orchard.com,member,2026-03-16 10:36:25,2026-06-09 15:53:47
955,82,noor.patel98@orchard.com,viewer,2026-07-22 21:49:17,2026-07-25 20:22:41
956,83,avery.ali38@granite.com,member,2026-04-12 13:12:51,2026-04-15 10:50:24
957,83,dev.ivanov57@granite.com,member,2026-04-16 19:37:30,2026-04-29 06:10:20
958,83,kai.walsh32@granite.com,member,2026-03-03 12:28:59,2026-06-07 06:03:40
959,84,riley.garcia42@meridian.com,member,2026-07-28 13:35:05,2026-08-23 16:55:09
960,84,quinn.dubois74@meridian.com,member,2026-07-24 08:49:04,2026-08-09 13:52:18
961,84,rowan.hansen99@meridian.com,member,2026-08-26 10:43:45,2026-08-27 08:29:14
962,84,taylor.young96@meridian.com,member,2026-07-01 12:03:53,2026-07-09 07:26:27
963,84,sam.ivanov48@meridian.com,member,2026-08-04 04:32:55,
964,84,lars.walsh37@meridian.com,admin,2026-07-09 13:07:34,2026-08-18 06:04:36
965,84,yuki.garcia74@meridian.com,member,2026-06-18 09:28:56,2026-07-12 15:49:43
966,84,riley.dubois10@meridian.com,viewer,2026-08-31 15:27:56,2026-08-31 13:29:33
967,84,kai.berg38@meridian.com,viewer,2026-05-31 02:14:20,
968,85,quinn.berg87@vertex.com,viewer,2025-09-24 13:22:57,2026-06-23 11:42:12
969,85,amara.muller25@vertex.com,member,2026-08-08 19:02:49,2026-08-14 10:06:01
970,85,lars.hansen9@vertex.com,member,2025-07-19 08:17:14,2025-12-27 18:42:13
971,85,avery.hansen4@vertex.com,member,2026-08-28 15:47:13,2026-08-31 07:24:01
972,85,sam.murphy57@vertex.com,admin,2025-11-25 21:32:58,2026-03-10 15:37:52
973,85,yuki.smith21@vertex.com,member,2026-03-07 23:26:12,2026-04-06 19:47:38
974,85,jordan.ivanov47@vertex.com,admin,2025-08-30 16:25:54,2026-05-17 07:29:01
975,85,emerson.hansen40@vertex.com,member,2025-07-05 14:41:41,2026-02-12 19:41:19
976,85,kai.walsh3@vertex.com,admin,2026-07-03 16:11:36,2026-07-20 15:57:20
977,85,riley.ivanov20@vertex.com,viewer,2025-05-19 17:42:18,2026-01-14 15:03:38
978,85,dev.tanaka21@vertex.com,viewer,2025-11-21 14:23:56,2026-02-18 19:09:47
979,86,alex.walsh27@falcon.com,member,2026-03-03 03:01:21,2026-08-10 10:53:16
980,86,ines.kim95@falcon.com,viewer,2025-12-24 15:10:10,2026-08-14 11:34:24
981,86,alex.hansen29@falcon.com,viewer,2026-01-30 07:30:29,
982,86,lars.murphy18@falcon.com,member,2026-07-10 18:08:20,2026-08-30 14:19:30
983,86,dev.smith62@falcon.com,admin,2026-06-15 19:14:42,2026-08-27 08:14:32
984,86,casey.okoro37@falcon.com,member,2026-01-21 09:45:29,2026-02-16 09:16:11
985,86,amara.ali98@falcon.com,admin,2026-08-31 15:54:02,2026-08-31 10:23:42
986,86,sam.novak24@falcon.com,member,2026-06-25 16:15:10,
987,86,rowan.patel74@falcon.com,viewer,2026-07-01 13:28:13,2026-08-24 10:40:55
988,86,dev.ali70@falcon.com,member,2026-07-30 23:11:16,2026-08-16 14:32:59
989,86,ines.santos59@falcon.com,member,2026-06-02 15:27:41,2026-08-26 17:48:33
990,86,lars.muller13@falcon.com,member,2025-12-23 07:22:19,2026-04-19 16:07:35
991,86,noor.santos11@falcon.com,viewer,2026-07-29 08:53:43,2026-08-30 08:52:56
992,86,alex.novak94@falcon.com,viewer,2026-04-02 12:51:34,2026-08-14 13:09:36
993,86,lars.silva89@falcon.com,member,2026-06-13 14:54:39,2026-08-19 08:10:06
994,86,riley.santos79@falcon.com,member,2026-04-04 12:26:57,2026-05-25 09:25:18
995,86,mateo.dubois18@falcon.com,member,2026-08-10 10:59:46,2026-08-19 00:16:45
996,86,sam.tanaka18@falcon.com,member,2026-01-13 08:26:25,2026-08-11 08:51:15
997,86,quinn.hansen10@falcon.com,member,2026-03-19 13:43:09,2026-05-28 08:25:07
998,86,mateo.muller87@falcon.com,member,2026-03-25 07:40:38,2026-06-16 01:07:33
999,86,quinn.murphy39@falcon.com,admin,2026-08-08 21:58:46,2026-08-25 15:29:09
1000,86,taylor.kim49@falcon.com,member,2026-06-02 17:44:55,2026-07-04 07:29:27
1001,86,hayden.silva67@falcon.com,viewer,2026-08-16 13:38:55,
1002,87,noor.tanaka8@ironclad.com,viewer,2026-06-27 14:21:26,2026-07-05 16:46:17
1003,87,emerson.garcia2@ironclad.com,viewer,2026-04-26 09:31:14,
1004,87,taylor.smith91@ironclad.com,member,2026-06-12 18:24:02,2026-07-20 16:24:38
1005,87,amara.smith74@ironclad.com,viewer,2026-03-20 09:37:43,
1006,87,kai.kim45@ironclad.com,member,2026-06-08 19:52:51,2026-07-06 16:36:55
1007,87,alex.novak73@ironclad.com,viewer,2026-06-11 15:54:57,2026-07-02 07:58:26
1008,87,emerson.hansen46@ironclad.com,member,2026-04-26 14:40:16,2026-05-27 09:50:03
1009,87,avery.santos99@ironclad.com,member,2026-04-03 16:54:31,2026-06-24 10:25:48
1010,87,rowan.hansen79@ironclad.com,viewer,2026-03-15 07:25:20,2026-05-12 10:19:06
1011,88,morgan.okoro26@westgate.com,viewer,2026-06-16 15:10:20,2026-08-17 10:51:28
1012,88,casey.novak75@westgate.com,viewer,2025-08-01 12:25:39,2026-04-17 14:35:18
1013,88,jordan.novak12@westgate.com,member,2026-07-15 17:25:54,
1014,88,riley.dubois69@westgate.com,viewer,2025-12-05 16:56:51,2026-02-11 18:06:54
1015,88,dev.berg11@westgate.com,member,2025-12-21 14:17:01,2026-02-16 11:02:15
1016,88,quinn.silva32@westgate.com,admin,2026-04-03 09:01:54,2026-07-24 14:13:09
1017,88,ines.murphy54@westgate.com,member,2026-06-02 10:36:56,2026-08-13 08:11:54
1018,88,taylor.hansen34@westgate.com,member,2026-02-07 10:44:08,2026-05-11 18:59:15
1019,88,quinn.santos75@westgate.com,member,2026-01-04 10:51:52,2026-08-26 15:32:45
1020,88,quinn.hansen92@westgate.com,member,2026-05-29 16:29:39,2026-08-07 16:14:29
1021,88,ines.berg56@westgate.com,viewer,2026-03-05 02:28:35,
1022,88,sam.hansen62@westgate.com,viewer,2026-06-21 09:16:57,2026-07-09 06:22:04
1023,88,alex.young63@westgate.com,member,2026-07-31 12:43:19,2026-08-08 22:13:42
1024,88,quinn.berg66@westgate.com,member,2026-01-09 00:39:03,2026-02-14 15:43:37
1025,89,amara.smith10@yardley.com,member,2025-09-02 21:49:48,2026-05-31 11:10:46
1026,89,morgan.patel84@yardley.com,member,2025-03-03 19:24:51,2025-07-03 10:06:25
1027,89,kai.walsh18@yardley.com,member,2025-10-23 17:31:05,2026-01-24 07:22:11
1028,89,taylor.okoro26@yardley.com,member,2025-03-08 02:38:03,2025-05-30 10:48:06
1029,89,sam.hansen13@yardley.com,member,2026-03-25 16:36:36,2026-08-07 01:20:24
1030,89,jordan.rossi25@yardley.com,admin,2025-09-19 14:09:38,2026-06-01 08:13:22
1031,89,amara.rossi57@yardley.com,member,2025-09-19 13:59:34,2025-12-18 12:52:52
1032,89,hayden.chen14@yardley.com,admin,2025-01-02 08:09:39,2025-07-05 13:10:57
1033,89,mateo.santos50@yardley.com,member,2025-08-12 08:52:31,2025-10-10 14:04:21
1034,89,kai.kim46@yardley.com,viewer,2025-03-12 11:53:58,
1035,89,amara.smith67@yardley.com,member,2026-07-08 18:36:36,
1036,90,kai.santos83@pine.com,member,2026-08-04 13:25:27,2026-08-14 07:48:12
1037,90,jordan.walsh4@pine.com,member,2026-03-09 22:49:18,2026-05-30 13:39:24
1038,90,yuki.kim25@pine.com,member,2025-04-13 08:20:47,2025-09-17 17:47:57
1039,90,lars.patel7@pine.com,viewer,2025-04-06 14:27:47,2026-05-05 08:34:03
1040,90,yuki.rossi66@pine.com,viewer,2026-07-21 17:45:20,2026-07-23 18:06:29
1041,90,avery.walsh27@pine.com,member,2025-05-01 14:59:18,2026-03-10 02:59:24
1042,90,quinn.dubois23@pine.com,admin,2025-02-20 08:15:39,2025-10-11 10:53:25
1043,90,noor.berg91@pine.com,member,2025-11-07 09:44:00,2026-04-14 08:56:41
1044,90,noor.okoro36@pine.com,member,2026-04-17 13:25:02,2026-06-04 16:31:16
1045,90,riley.silva10@pine.com,admin,2026-05-21 12:10:47,2026-06-04 08:50:31
1046,90,kai.chen69@pine.com,member,2025-11-05 17:12:05,2026-08-23 09:48:07
1047,90,avery.muller67@pine.com,admin,2026-07-10 10:05:48,2026-08-09 11:07:14
1048,90,quinn.tanaka79@pine.com,admin,2025-04-26 19:49:12,2026-05-09 08:38:49
1049,90,rowan.kim73@pine.com,member,2025-09-19 17:16:58,
1050,90,emerson.murphy26@pine.com,member,2025-08-14 09:40:12,2025-09-11 10:09:18
1051,90,mateo.patel57@pine.com,member,2026-01-25 12:35:10,
1052,91,sam.smith88@marlow.com,member,2026-03-05 02:46:10,
1053,91,emerson.kim19@marlow.com,member,2026-03-07 16:49:36,2026-08-29 09:24:00
1054,91,quinn.kim73@marlow.com,viewer,2025-11-24 14:18:43,2025-12-04 14:58:30
1055,91,kai.murphy96@marlow.com,member,2026-08-05 18:09:29,2026-08-20 13:22:40
1056,92,quinn.muller37@sable.com,viewer,2026-02-09 10:01:27,2026-03-25 20:24:16
1057,92,riley.kim59@sable.com,admin,2026-01-09 13:13:25,2026-08-22 12:14:25
1058,92,noor.murphy94@sable.com,member,2026-03-12 07:33:13,2026-06-19 11:21:20
1059,92,avery.novak73@sable.com,viewer,2025-12-12 11:41:19,2026-06-16 18:35:55
1060,92,kai.muller61@sable.com,member,2025-11-26 09:53:49,
1061,92,noor.kim26@sable.com,member,2026-06-24 19:01:44,2026-07-14 14:59:33
1062,92,kai.berg86@sable.com,viewer,2025-11-22 08:20:29,2026-02-09 14:36:50
1063,92,riley.walsh41@sable.com,admin,2025-12-12 01:55:55,2025-12-30 14:50:04
1064,92,rowan.garcia41@sable.com,member,2025-09-05 06:39:58,2026-03-06 08:09:13
1065,92,amara.murphy61@sable.com,member,2026-01-17 18:09:10,2026-03-02 09:06:51
1066,92,casey.santos80@sable.com,viewer,2026-03-09 14:57:15,2026-07-30 12:30:44
1067,92,riley.murphy13@sable.com,member,2025-10-06 15:37:44,2025-12-14 17:30:24
1068,92,mateo.berg74@sable.com,member,2026-02-10 10:05:56,2026-02-15 21:42:36
1069,93,riley.young39@halcyon.com,viewer,2026-05-06 08:40:20,2026-08-31 08:59:50
1070,93,jordan.hansen78@halcyon.com,member,2026-06-04 08:54:16,2026-08-06 02:57:37
1071,93,yuki.ali67@halcyon.com,admin,2026-05-10 09:19:16,2026-05-13 12:57:10
1072,93,noor.dubois6@halcyon.com,member,2026-07-14 04:55:59,2026-08-31 14:42:05
1073,93,alex.berg3@halcyon.com,admin,2026-08-28 14:44:24,2026-08-29 18:24:24
1074,93,emerson.ivanov55@halcyon.com,member,2026-06-15 08:18:17,2026-07-28 07:22:46
1075,93,mateo.garcia86@halcyon.com,admin,2026-04-12 15:15:04,2026-08-20 17:01:51
1076,93,emerson.garcia20@halcyon.com,admin,2026-05-06 01:51:21,2026-06-05 15:55:04
1077,94,riley.berg81@westgate.com,member,2026-01-08 13:03:45,2026-05-05 14:21:50
1078,94,avery.garcia24@westgate.com,viewer,2026-02-12 00:50:43,
1079,94,avery.kim92@westgate.com,member,2026-04-01 12:30:52,
1080,94,ines.young91@westgate.com,viewer,2026-03-14 11:32:00,2026-05-26 15:37:55
1081,94,morgan.novak34@westgate.com,admin,2026-01-12 15:12:11,2026-05-30 13:12:44
1082,94,quinn.rossi51@westgate.com,member,2026-05-16 09:16:52,2026-07-30 09:26:32
1083,94,quinn.ivanov1@westgate.com,admin,2026-05-28 06:22:57,2026-08-23 09:48:10
1084,94,dev.tanaka11@westgate.com,member,2026-01-02 10:49:58,2026-08-20 15:00:47
1085,95,amara.ali94@umber.com,member,2025-03-07 09:31:20,2026-06-11 10:51:30
1086,95,avery.silva76@umber.com,member,2026-07-12 18:54:25,2026-08-25 10:29:56
1087,95,mateo.murphy20@umber.com,admin,2026-04-18 10:55:40,2026-07-25 11:01:55
1088,95,kai.hansen2@umber.com,member,2025-05-31 08:06:01,2026-07-23 14:11:09
1089,95,ines.muller35@umber.com,viewer,2026-02-03 16:17:14,2026-02-08 12:10:19
1090,95,ines.young93@umber.com,viewer,2025-07-12 06:06:04,2026-02-19 19:10:31
1091,95,ines.young38@umber.com,member,2025-11-26 01:19:40,2026-08-18 19:51:13
1092,95,rowan.chen88@umber.com,member,2025-06-10 15:51:44,2026-04-19 07:08:33
1093,95,emerson.berg61@umber.com,member,2025-05-10 11:13:20,
1094,95,rowan.walsh36@umber.com,viewer,2025-08-26 20:50:40,2026-06-17 16:44:12
1095,95,quinn.berg79@umber.com,admin,2026-08-08 12:06:24,2026-08-15 12:30:56
1096,95,dev.dubois11@umber.com,member,2025-05-30 11:49:12,2026-01-21 13:57:46
1097,95,riley.hansen8@umber.com,viewer,2025-10-08 11:09:50,2026-01-30 14:20:22
1098,95,rowan.walsh41@umber.com,member,2025-10-05 18:38:07,2026-07-06 08:51:41
1099,95,sam.novak68@umber.com,member,2025-10-28 16:19:16,2026-03-21 09:24:27
1100,95,riley.chen4@umber.com,member,2025-07-27 11:23:29,
1101,95,mateo.okoro72@umber.com,member,2025-05-30 09:45:38,2026-01-12 15:06:59
1102,95,hayden.rossi76@umber.com,member,2026-04-08 10:20:53,2026-04-12 07:55:20
1103,95,lars.patel81@umber.com,viewer,2026-01-18 04:18:20,2026-04-10 10:20:39
1104,95,amara.kim66@umber.com,member,2026-08-01 07:04:59,
1105,95,riley.muller14@umber.com,member,2025-03-09 11:48:04,2025-11-04 07:23:22
1106,95,kai.santos8@umber.com,member,2026-05-18 07:13:28,2026-08-08 15:44:09
1107,96,quinn.silva8@pivot.com,member,2026-05-10 11:02:14,2026-07-20 03:41:53
1108,96,riley.muller65@pivot.com,admin,2026-05-03 15:31:01,2026-06-21 15:42:25
1109,96,noor.santos9@pivot.com,member,2026-08-23 08:37:31,
1110,96,emerson.garcia75@pivot.com,member,2026-03-06 12:58:40,2026-07-14 17:10:25
1111,96,hayden.ali72@pivot.com,member,2026-08-11 10:20:57,2026-08-23 08:12:48
1112,96,kai.smith84@pivot.com,member,2026-05-10 11:11:07,2026-05-13 11:41:42
1113,96,kai.smith96@pivot.com,member,2026-03-15 16:43:13,2026-05-06 08:36:47
1114,97,hayden.hansen60@juniper.com,member,2026-06-17 13:56:53,
1115,97,avery.ivanov4@juniper.com,member,2025-09-01 19:24:46,2025-12-20 16:55:21
1116,97,mateo.okoro78@juniper.com,viewer,2025-10-09 14:15:04,2026-06-17 11:38:18
1117,97,casey.patel4@juniper.com,member,2026-03-06 10:36:10,2026-03-08 19:59:00
1118,97,sam.hansen28@juniper.com,member,2025-06-13 14:19:49,2026-01-15 15:23:04
1119,97,casey.chen19@juniper.com,member,2025-05-12 18:47:43,2026-08-31 19:51:58
1120,97,alex.walsh23@juniper.com,admin,2026-06-04 09:55:56,
1121,97,lars.ali35@juniper.com,member,2026-02-15 06:44:09,
1122,97,jordan.okoro87@juniper.com,member,2025-08-13 21:36:57,2025-09-01 12:53:29
1123,97,jordan.ali91@juniper.com,member,2025-05-17 20:12:15,2026-01-17 08:17:01
1124,97,mateo.patel84@juniper.com,member,2026-04-13 17:35:44,
1125,97,quinn.kim37@juniper.com,member,2025-12-31 10:57:23,2026-06-02 10:52:30
1126,97,lars.santos19@juniper.com,member,2026-05-01 11:22:49,2026-07-21 10:11:37
1127,97,riley.walsh87@juniper.com,member,2025-09-21 07:59:22,2026-03-24 20:05:38
1128,97,mateo.murphy97@juniper.com,viewer,2026-03-21 21:09:38,2026-05-02 17:21:32
1129,97,lars.rossi74@juniper.com,viewer,2025-10-16 17:32:34,2026-01-29 16:25:05
1130,97,yuki.smith74@juniper.com,viewer,2025-05-16 14:10:47,
1131,97,rowan.walsh15@juniper.com,member,2025-08-19 10:36:22,2026-02-26 12:25:33
1132,97,noor.smith29@juniper.com,viewer,2026-05-13 15:57:50,2026-07-10 08:44:57
1133,97,casey.walsh19@juniper.com,member,2026-01-08 16:34:40,2026-07-04 19:15:48
1134,97,avery.patel3@juniper.com,admin,2025-06-13 08:49:43,
1135,98,mateo.smith55@redwood.com,member,2026-01-30 10:13:19,2026-07-18 11:44:38
1136,98,dev.berg62@redwood.com,member,2026-04-30 10:16:44,2026-07-14 05:31:02
1137,98,kai.santos99@redwood.com,member,2026-05-23 13:22:43,
1138,98,alex.okoro5@redwood.com,admin,2026-06-01 15:45:40,2026-06-12 11:34:05
1139,98,mateo.okoro96@redwood.com,viewer,2025-11-10 17:13:39,2026-07-08 04:19:35
1140,99,riley.berg87@harbor.com,member,2026-01-18 14:24:51,2026-05-27 11:32:11
1141,99,sam.ali75@harbor.com,member,2026-06-02 08:28:18,
1142,99,morgan.kim38@harbor.com,admin,2026-08-22 11:15:00,2026-08-28 07:09:53
1143,99,morgan.okoro6@harbor.com,viewer,2026-04-25 09:28:51,2026-06-21 10:43:37
1144,99,casey.smith22@harbor.com,admin,2026-07-14 12:50:44,2026-08-30 21:38:36
1145,99,alex.ivanov89@harbor.com,member,2026-05-06 13:27:04,2026-07-14 07:30:02
1146,99,jordan.ali86@harbor.com,viewer,2026-02-01 07:01:10,2026-05-14 12:15:58
1147,100,avery.murphy85@sable.com,viewer,2026-01-10 14:37:26,2026-04-15 13:30:04
1148,100,lars.kim30@sable.com,admin,2025-12-05 06:50:00,2026-05-07 07:44:25
1149,100,yuki.ali75@sable.com,viewer,2025-12-03 17:51:13,2026-05-07 17:08:20
1150,101,ines.walsh28@bright.com,member,2026-07-10 14:34:54,
1151,101,jordan.muller86@bright.com,member,2026-08-21 22:04:36,2026-08-29 08:48:04
1152,101,quinn.tanaka81@bright.com,viewer,2026-06-01 05:20:49,2026-06-29 16:26:03
1153,101,alex.novak86@bright.com,viewer,2026-06-30 15:08:30,2026-07-23 10:38:53
1154,101,yuki.tanaka83@bright.com,member,2026-07-28 06:38:01,2026-08-07 09:33:18
1155,101,jordan.santos11@bright.com,member,2026-07-03 10:29:41,2026-08-21 08:41:02
1156,101,rowan.chen69@bright.com,member,2026-08-22 15:53:44,2026-08-26 17:30:32
1157,102,dev.young85@marlow.com,member,2026-01-03 10:33:39,2026-01-20 11:05:44
1158,102,jordan.ali81@marlow.com,member,2026-02-09 18:20:58,2026-03-15 17:38:32
1159,102,amara.novak45@marlow.com,member,2025-07-23 09:27:42,2025-10-29 16:33:43
1160,102,avery.young18@marlow.com,member,2026-02-23 12:20:13,2026-04-08 09:43:43
1161,102,amara.ivanov23@marlow.com,member,2025-11-14 09:15:13,
1162,102,rowan.rossi83@marlow.com,member,2026-01-23 13:34:21,2026-03-11 09:30:45
1163,103,jordan.ali16@onyx.com,member,2025-11-18 19:59:31,2025-12-23 21:00:04
1164,103,lars.berg36@onyx.com,member,2025-10-30 12:06:30,2025-11-25 08:03:27
1165,103,kai.dubois16@onyx.com,admin,2025-10-27 06:06:35,2025-11-03 10:51:03
1166,103,taylor.muller13@onyx.com,member,2025-11-09 06:07:21,2025-12-22 11:02:57
1167,103,taylor.chen56@onyx.com,member,2025-11-20 12:53:15,2025-12-04 13:36:48
1168,104,amara.dubois98@cobalt.com,viewer,2026-06-12 07:47:39,2026-07-31 08:39:01
1169,104,ines.smith13@cobalt.com,member,2026-01-18 08:14:17,2026-05-02 09:29:39
1170,104,alex.silva86@cobalt.com,member,2025-10-26 09:54:05,2026-08-18 17:54:24
1171,104,mateo.murphy20@cobalt.com,admin,2026-03-30 15:13:56,2026-07-06 16:48:24
1172,104,ines.tanaka68@cobalt.com,viewer,2026-08-12 13:23:09,2026-08-12 12:39:24
1173,105,kai.rossi52@willow.com,member,2026-05-29 17:24:38,2026-07-08 10:17:15
1174,105,alex.berg32@willow.com,member,2026-03-23 10:24:01,2026-04-08 11:51:01
1175,105,noor.murphy55@willow.com,member,2026-04-03 09:23:58,
1176,105,ines.rossi22@willow.com,viewer,2025-12-06 21:23:03,2026-08-27 13:51:12
1177,105,quinn.garcia91@willow.com,member,2026-08-19 12:16:28,2026-08-20 13:35:03
1178,105,hayden.muller56@willow.com,member,2025-10-10 09:05:39,2026-01-13 09:19:10
1179,105,amara.rossi37@willow.com,viewer,2025-08-21 08:45:04,2026-03-25 17:15:01
1180,105,casey.ali23@willow.com,member,2025-08-29 12:11:15,2026-04-22 12:23:46
1181,105,rowan.rossi99@willow.com,member,2025-07-30 08:30:09,2025-08-09 12:57:03
1182,105,quinn.young48@willow.com,member,2025-10-01 14:10:40,2026-02-20 11:29:11
1183,105,sam.garcia49@willow.com,member,2026-06-01 10:34:46,2026-07-07 11:51:31
1184,105,yuki.murphy83@willow.com,viewer,2026-02-17 11:16:33,2026-05-18 15:36:45
1185,105,morgan.ivanov64@willow.com,viewer,2026-02-19 07:57:26,2026-02-28 08:38:23
1186,105,kai.chen48@willow.com,member,2026-02-06 15:13:27,
1187,105,riley.murphy76@willow.com,member,2026-08-26 08:57:14,2026-08-31 08:50:19
1188,105,taylor.walsh52@willow.com,admin,2026-03-07 20:15:09,2026-07-04 10:13:29
1189,106,hayden.hansen7@solstice.com,admin,2025-06-05 09:52:32,2025-12-19 17:55:27
1190,106,sam.walsh9@solstice.com,admin,2026-06-25 07:47:45,2026-07-19 10:32:10
1191,106,sam.patel66@solstice.com,member,2025-11-25 13:22:39,2026-08-18 10:28:25
1192,106,hayden.hansen7@solstice.com,member,2026-01-22 15:02:42,2026-06-20 07:28:48
1193,106,jordan.muller49@solstice.com,admin,2026-07-25 15:12:05,2026-08-22 15:40:17
1194,106,taylor.okoro29@solstice.com,member,2026-03-22 19:12:26,
1195,106,noor.muller55@solstice.com,viewer,2025-09-08 08:02:16,2026-01-16 22:13:00
1196,106,jordan.silva60@solstice.com,admin,2026-07-01 11:57:21,2026-07-11 18:31:07
1197,106,ines.ali74@solstice.com,member,2026-03-10 14:45:37,2026-06-02 14:20:33
1198,106,taylor.young32@solstice.com,viewer,2026-08-08 09:46:25,2026-08-08 11:17:21
1199,106,amara.chen33@solstice.com,admin,2025-04-15 09:50:14,
1200,106,mateo.muller13@solstice.com,member,2025-11-03 10:05:15,2026-07-19 10:47:25
1201,106,dev.walsh85@solstice.com,member,2025-08-07 17:27:25,
1202,106,riley.tanaka61@solstice.com,member,2026-05-10 17:31:59,2026-06-21 19:07:19
1203,106,amara.novak52@solstice.com,member,2026-04-03 08:20:37,2026-06-02 09:39:51
1204,106,jordan.smith11@solstice.com,member,2026-03-14 08:27:31,
1205,106,riley.kim1@solstice.com,member,2025-05-27 18:44:22,2025-06-12 07:53:23
1206,106,sam.rossi40@solstice.com,member,2025-05-22 16:12:50,2025-06-10 23:05:02
1207,106,kai.walsh14@solstice.com,viewer,2025-08-15 09:04:29,2026-01-11 13:33:04
1208,106,morgan.ivanov13@solstice.com,viewer,2025-11-15 14:44:30,2026-03-09 14:02:25
1209,106,emerson.ivanov40@solstice.com,viewer,2026-05-31 16:54:19,2026-08-29 16:26:51
1210,106,avery.silva60@solstice.com,viewer,2026-01-22 08:28:08,2026-03-02 04:03:37
1211,107,hayden.dubois89@meridian.com,admin,2026-01-04 14:42:35,2026-03-06 15:27:26
1212,107,avery.walsh84@meridian.com,member,2026-05-01 08:04:03,
1213,107,taylor.okoro24@meridian.com,member,2025-12-14 10:08:52,2026-08-08 14:25:50
1214,107,noor.dubois97@meridian.com,member,2026-05-14 09:05:31,2026-08-11 08:55:50
1215,107,riley.kim18@meridian.com,member,2026-05-18 08:02:49,2026-08-03 12:17:58
1216,107,emerson.dubois79@meridian.com,viewer,2025-12-02 08:09:21,2025-12-03 07:49:52
1217,107,taylor.ivanov51@meridian.com,member,2026-08-13 19:51:02,2026-08-31 13:39:12
1218,108,amara.santos38@pivot.com,member,2026-07-25 13:50:04,2026-08-23 05:21:01
1219,108,noor.murphy78@pivot.com,member,2026-03-21 17:54:02,2026-06-09 16:14:28
1220,108,amara.ali51@pivot.com,member,2025-11-16 10:27:03,2026-08-14 09:14:52
1221,108,taylor.santos70@pivot.com,viewer,2025-08-29 15:49:38,2025-09-06 12:46:50
1222,108,sam.walsh75@pivot.com,viewer,2026-06-26 10:46:21,2026-08-01 15:54:15
1223,108,lars.novak2@pivot.com,admin,2025-10-20 07:47:46,2025-11-29 10:15:30
1224,108,morgan.chen86@pivot.com,member,2025-12-01 07:59:18,2026-02-21 18:13:46
1225,108,lars.santos82@pivot.com,viewer,2025-12-27 17:54:59,
1226,108,quinn.garcia99@pivot.com,member,2025-07-23 07:49:53,2025-12-08 20:07:48
1227,108,lars.murphy66@pivot.com,member,2026-08-25 07:11:24,2026-08-30 13:50:05
1228,108,lars.ali93@pivot.com,viewer,2025-10-26 16:50:49,
1229,109,morgan.muller44@acme.com,member,2026-03-27 03:54:24,2026-08-10 08:59:48
1230,109,casey.ivanov52@acme.com,member,2026-06-29 14:47:14,2026-07-23 13:30:49
1231,109,ines.santos99@acme.com,admin,2026-08-26 11:00:36,2026-08-28 14:12:57
1232,109,alex.hansen84@acme.com,admin,2026-06-09 16:38:33,2026-06-09 21:55:29
1233,109,casey.berg18@acme.com,member,2026-08-01 13:02:50,2026-08-18 23:46:48
1234,110,quinn.chen69@nimbus.com,viewer,2026-05-26 14:08:44,2026-07-02 05:06:03
1235,110,kai.muller36@nimbus.com,admin,2026-05-11 10:19:26,2026-07-02 21:33:23
1236,110,alex.chen42@nimbus.com,member,2026-03-11 16:23:07,2026-04-03 17:59:33
1237,110,taylor.dubois41@nimbus.com,admin,2026-03-30 05:19:53,2026-05-15 13:37:51
1238,110,lars.garcia92@nimbus.com,viewer,2026-07-24 14:06:57,2026-08-29 17:34:19
1239,110,sam.chen54@nimbus.com,member,2026-06-17 15:08:04,
1240,110,amara.patel14@nimbus.com,member,2026-03-30 09:37:35,2026-04-09 11:23:25
1241,110,jordan.dubois22@nimbus.com,viewer,2026-05-08 11:46:45,2026-07-19 14:06:40
1242,110,morgan.ivanov31@nimbus.com,member,2026-04-07 15:53:12,2026-04-08 14:56:17
1243,110,lars.silva8@nimbus.com,member,2026-07-10 10:25:37,2026-08-18 14:12:52
1244,110,amara.chen35@nimbus.com,member,2026-06-19 00:07:25,2026-07-04 14:16:41
1245,110,avery.ali89@nimbus.com,viewer,2026-08-04 09:45:02,2026-08-09 16:37:07
1246,110,quinn.kim94@nimbus.com,member,2026-05-04 20:17:07,
1247,110,alex.novak92@nimbus.com,member,2026-07-31 11:21:13,
1248,110,riley.muller93@nimbus.com,member,2026-06-28 12:17:28,2026-07-13 17:20:26
1249,110,avery.muller27@nimbus.com,member,2026-08-22 12:17:27,2026-08-25 17:54:42
1250,110,taylor.patel56@nimbus.com,member,2026-03-18 12:13:26,2026-04-02 15:53:03
1251,110,hayden.muller37@nimbus.com,viewer,2026-04-03 06:29:22,2026-07-21 15:30:50
1252,110,quinn.murphy26@nimbus.com,member,2026-05-22 09:57:08,2026-06-26 16:24:17
1253,111,ines.okoro29@quill.com,admin,2026-03-31 15:33:16,2026-08-19 12:59:09
1254,111,taylor.ivanov40@quill.com,member,2026-01-20 09:51:15,2026-01-25 06:56:06
1255,111,morgan.walsh68@quill.com,viewer,2026-08-29 10:44:49,
1256,112,rowan.patel62@anchor.com,member,2026-06-26 14:17:37,2026-07-09 15:46:48
1257,112,kai.young73@anchor.com,viewer,2025-06-14 10:54:21,2025-08-02 10:39:12
1258,112,ines.silva69@anchor.com,member,2025-11-22 07:57:08,2026-03-18 11:35:01
1259,112,noor.kim27@anchor.com,member,2025-07-16 21:28:45,2026-04-15 23:04:06
1260,112,quinn.novak28@anchor.com,member,2025-04-09 22:41:37,2025-04-27 09:58:37
1261,112,avery.garcia44@anchor.com,viewer,2026-02-25 12:40:48,2026-07-31 07:51:16
1262,112,sam.walsh89@anchor.com,admin,2025-07-26 16:52:13,2025-10-19 14:44:46
1263,112,rowan.smith12@anchor.com,member,2026-01-17 10:22:48,2026-03-16 18:17:00
1264,112,lars.rossi4@anchor.com,member,2026-02-28 16:14:47,2026-08-07 13:42:17
1265,112,morgan.novak27@anchor.com,member,2025-01-07 07:07:46,2025-11-05 11:42:28
1266,113,emerson.chen88@umber.com,member,2025-09-21 08:02:34,2025-10-23 16:10:30
1267,113,noor.smith11@umber.com,member,2025-08-22 14:10:17,2025-12-08 06:26:06
1268,113,lars.ivanov76@umber.com,member,2026-08-10 23:34:42,2026-08-28 21:56:28
1269,113,mateo.tanaka23@umber.com,member,2025-10-02 15:49:53,2026-05-17 09:16:38
1270,113,avery.okoro38@umber.com,admin,2025-03-16 14:57:03,2026-07-05 18:55:37
1271,113,lars.smith72@umber.com,admin,2025-10-17 08:56:14,2026-08-10 14:52:08
1272,113,quinn.kim66@umber.com,member,2025-07-03 10:34:05,2026-04-07 17:15:34
1273,113,taylor.dubois71@umber.com,viewer,2025-11-16 08:50:14,2026-02-15 05:31:54
1274,113,yuki.muller80@umber.com,member,2025-05-26 10:10:43,2025-12-28 15:34:05
1275,113,rowan.patel5@umber.com,viewer,2025-12-03 15:05:20,2025-12-16 15:44:01
1276,113,amara.garcia11@umber.com,viewer,2025-08-11 12:23:03,2026-04-14 19:06:28
1277,113,riley.hansen41@umber.com,member,2025-03-22 09:10:05,2025-07-17 16:32:41
1278,113,dev.berg70@umber.com,member,2025-07-25 16:18:32,2026-04-02 12:49:04
1279,113,rowan.okoro61@umber.com,member,2025-04-08 03:38:03,
1280,113,taylor.silva49@umber.com,member,2025-02-26 08:24:36,2026-02-10 07:46:33
1281,113,quinn.tanaka20@umber.com,member,2025-06-29 10:52:10,2026-03-17 09:20:23
1282,113,sam.santos92@umber.com,member,2026-03-15 11:15:26,
1283,113,dev.hansen3@umber.com,member,2026-06-10 07:03:17,2026-08-30 19:54:59
1284,113,casey.okoro33@umber.com,member,2025-04-13 09:46:16,2025-06-15 17:58:33
1285,113,lars.walsh64@umber.com,viewer,2025-08-24 12:04:25,2025-12-29 12:24:45
1286,113,quinn.muller87@umber.com,member,2025-11-25 13:18:46,
1287,113,yuki.berg83@umber.com,admin,2025-08-17 17:48:45,2026-08-26 09:19:10
1288,114,avery.smith40@marlow.com,viewer,2026-07-14 09:40:24,2026-07-30 06:55:02
1289,114,emerson.hansen97@marlow.com,member,2026-02-24 10:34:43,2026-03-06 08:50:14
1290,114,hayden.novak94@marlow.com,admin,2026-03-11 10:26:50,
1291,114,hayden.ivanov74@marlow.com,viewer,2026-04-28 15:23:15,2026-07-04 12:58:01
1292,115,yuki.rossi36@cobalt.com,admin,2026-03-25 14:02:18,2026-04-28 11:53:44
1293,115,sam.chen31@cobalt.com,member,2026-06-28 16:16:37,2026-07-25 08:48:52
1294,115,casey.okoro94@cobalt.com,member,2025-12-20 11:29:46,2026-01-25 16:05:06
1295,115,casey.santos7@cobalt.com,member,2026-08-19 12:08:25,2026-08-22 09:05:40
1296,115,rowan.silva6@cobalt.com,viewer,2026-06-06 15:31:48,2026-06-10 15:05:58
1297,115,kai.smith60@cobalt.com,viewer,2025-12-26 17:00:58,2026-08-02 11:35:46
1298,115,avery.patel4@cobalt.com,admin,2025-10-14 13:59:00,2026-04-03 15:07:35
1299,115,kai.dubois61@cobalt.com,viewer,2025-11-14 07:46:58,2026-07-26 09:18:52
1300,115,alex.young88@cobalt.com,viewer,2026-02-09 06:38:04,2026-05-14 13:22:08
1301,115,casey.ivanov82@cobalt.com,member,2026-08-29 12:21:53,2026-08-30 07:18:14
1302,115,amara.muller97@cobalt.com,viewer,2025-07-25 13:32:09,2025-11-01 08:46:10
1303,115,quinn.murphy36@cobalt.com,admin,2025-08-18 15:46:18,2026-03-20 06:16:59
1304,115,yuki.santos53@cobalt.com,viewer,2025-09-16 10:31:59,2025-10-07 16:40:01
1305,116,sam.ivanov89@marlow.com,member,2026-03-18 11:54:01,
1306,116,avery.kim67@marlow.com,admin,2025-08-29 17:01:24,2026-03-01 10:56:38
1307,116,mateo.garcia42@marlow.com,member,2025-10-25 17:22:03,2026-02-10 07:11:49
1308,116,yuki.santos24@marlow.com,member,2026-03-16 13:57:09,2026-04-12 12:54:31
1309,116,avery.ivanov34@marlow.com,member,2026-06-22 16:28:49,2026-06-27 07:19:57
1310,116,rowan.chen31@marlow.com,member,2025-11-15 08:41:23,2026-08-23 15:33:08
1311,116,casey.kim14@marlow.com,viewer,2026-06-18 12:36:37,2026-08-14 14:01:38
1312,116,jordan.chen37@marlow.com,member,2026-08-05 08:48:38,2026-08-05 14:28:16
1313,116,amara.young81@marlow.com,viewer,2026-08-04 09:35:41,2026-08-23 13:24:55
1314,116,dev.murphy12@marlow.com,member,2026-06-13 14:36:15,2026-07-20 08:50:23
1315,117,casey.chen3@umber.com,member,2026-07-22 08:12:06,2026-08-10 13:50:54
1316,117,quinn.chen19@umber.com,member,2026-01-08 14:35:30,2026-04-28 11:35:03
1317,117,kai.smith59@umber.com,member,2025-12-24 09:35:46,2026-08-29 17:41:28
1318,117,yuki.young29@umber.com,member,2026-01-30 19:08:42,2026-07-18 13:23:41
1319,117,alex.chen1@umber.com,viewer,2026-07-20 13:27:21,2026-08-15 17:07:09
1320,118,riley.okoro76@westgate.com,member,2026-07-08 15:24:36,2026-08-11 14:27:42
1321,118,emerson.tanaka81@westgate.com,viewer,2025-12-02 01:30:51,
1322,118,casey.muller99@westgate.com,viewer,2025-12-27 09:12:49,2026-05-11 10:21:59
1323,118,kai.santos20@westgate.com,viewer,2025-10-06 17:53:10,2026-03-14 16:17:40
1324,119,alex.patel86@yardley.com,member,2026-04-28 23:07:53,2026-06-22 13:58:56
1325,119,kai.ivanov26@yardley.com,member,2026-07-06 16:21:52,
1326,119,alex.kim9@yardley.com,member,2026-07-14 13:54:47,2026-07-15 13:17:05
1327,119,sam.murphy53@yardley.com,member,2026-05-11 13:03:46,2026-07-16 08:37:28
1328,119,quinn.ali35@yardley.com,member,2026-05-17 11:18:25,
1329,119,sam.murphy18@yardley.com,member,2026-04-20 10:35:51,2026-07-26 17:42:08
1330,119,ines.walsh50@yardley.com,admin,2026-04-11 15:01:25,2026-05-01 13:59:38
1331,119,yuki.santos34@yardley.com,member,2026-07-28 08:14:05,
1332,119,riley.dubois46@yardley.com,admin,2026-07-28 12:05:29,2026-07-28 08:58:25
1333,119,avery.rossi87@yardley.com,member,2026-04-01 00:07:14,
1334,119,noor.silva66@yardley.com,member,2026-07-05 10:07:12,2026-07-15 07:31:34
1335,119,mateo.garcia86@yardley.com,viewer,2026-04-27 17:20:03,2026-06-05 09:03:46
1336,120,hayden.ivanov6@anchor.com,member,2025-11-22 08:16:53,2026-01-09 11:18:03
1337,120,kai.walsh69@anchor.com,admin,2025-06-25 11:50:31,
1338,120,yuki.rossi24@anchor.com,viewer,2026-04-10 14:56:31,
1339,120,amara.santos24@anchor.com,member,2026-08-04 12:26:10,
1340,120,lars.dubois95@anchor.com,viewer,2026-02-21 17:14:55,2026-08-27 14:28:14
1341,120,lars.silva15@anchor.com,admin,2026-06-29 09:48:28,2026-07-21 12:20:26
1342,121,ines.berg70@pine.com,member,2026-04-12 14:25:55,2026-07-30 11:59:07
1343,121,quinn.okoro67@pine.com,viewer,2026-08-12 10:09:05,2026-08-16 17:00:23
1344,121,morgan.silva81@pine.com,viewer,2026-05-20 10:49:21,2026-08-14 08:25:43
1345,121,mateo.smith88@pine.com,viewer,2026-08-23 08:36:08,2026-08-25 15:33:41
1346,121,amara.okoro59@pine.com,member,2026-06-29 09:39:38,2026-07-04 13:34:49
1347,121,hayden.santos3@pine.com,member,2026-08-23 04:38:44,2026-08-25 17:02:54
1348,121,lars.tanaka93@pine.com,admin,2026-06-04 17:21:54,2026-08-31 09:18:41
1349,121,lars.garcia83@pine.com,member,2026-08-16 13:32:29,
1350,121,mateo.garcia46@pine.com,member,2026-04-16 08:49:42,2026-06-15 17:25:28
1351,121,alex.young58@pine.com,member,2026-05-24 14:29:31,2026-08-31 06:39:04
1352,121,ines.okoro70@pine.com,member,2026-08-21 16:53:53,2026-08-30 13:27:32
1353,121,rowan.ivanov74@pine.com,member,2026-05-10 12:25:41,2026-08-13 04:41:34
1354,121,quinn.hansen7@pine.com,viewer,2026-05-24 10:46:39,2026-05-27 14:55:23
1355,121,mateo.berg5@pine.com,admin,2026-06-30 09:34:11,
1356,121,emerson.ali33@pine.com,member,2026-07-03 10:52:39,2026-08-05 10:37:25
1357,121,morgan.silva82@pine.com,viewer,2026-06-21 16:14:55,2026-08-28 15:54:17
1358,121,lars.berg14@pine.com,viewer,2026-05-26 08:48:21,2026-06-16 09:43:43
1359,121,morgan.dubois50@pine.com,viewer,2026-08-08 09:33:38,2026-08-26 08:37:14
1360,121,casey.silva65@pine.com,member,2026-07-10 10:01:41,
1361,122,kai.santos42@falcon.com,member,2025-12-21 12:43:18,
1362,122,quinn.patel25@falcon.com,member,2025-12-20 13:59:53,2026-05-28 07:43:57
1363,122,ines.young62@falcon.com,member,2025-10-05 09:02:05,2026-01-14 12:45:21
1364,122,avery.okoro40@falcon.com,member,2026-02-11 07:52:20,
1365,122,casey.novak94@falcon.com,viewer,2025-11-20 12:15:51,2026-03-09 16:30:46
1366,122,mateo.dubois6@falcon.com,member,2026-03-15 19:09:44,
1367,122,casey.chen99@falcon.com,member,2026-07-04 12:07:44,2026-07-06 15:11:29
1368,122,yuki.walsh72@falcon.com,member,2026-06-07 07:30:00,
1369,122,emerson.muller31@falcon.com,member,2025-12-26 17:59:21,2026-05-09 13:49:22
1370,122,noor.tanaka8@falcon.com,viewer,2026-05-21 12:17:19,2026-08-27 13:26:50
1371,122,riley.walsh91@falcon.com,member,2025-11-02 14:46:37,2026-04-23 21:57:42
1372,122,emerson.dubois92@falcon.com,viewer,2026-03-13 18:05:51,2026-05-25 08:08:19
1373,123,alex.muller1@ironclad.com,member,2026-05-03 13:56:14,2026-05-08 08:19:23
1374,123,quinn.muller83@ironclad.com,admin,2026-02-25 00:21:30,2026-03-26 16:55:20
1375,123,yuki.novak82@ironclad.com,member,2026-02-15 09:33:33,2026-07-07 15:43:06
1376,123,kai.okoro76@ironclad.com,member,2026-07-14 19:27:28,2026-08-28 12:31:54
1377,123,mateo.chen83@ironclad.com,viewer,2026-07-20 14:58:23,2026-07-20 07:54:32
1378,123,avery.garcia68@ironclad.com,admin,2026-04-21 07:53:04,2026-06-04 14:51:52
1379,123,avery.young19@ironclad.com,admin,2026-03-11 10:00:56,2026-08-23 00:19:39
1380,123,yuki.silva54@ironclad.com,member,2026-03-02 12:49:30,2026-04-11 08:35:29
1381,123,yuki.garcia86@ironclad.com,member,2026-05-21 09:23:35,2026-08-29 08:22:30
1382,123,taylor.walsh18@ironclad.com,member,2026-07-17 12:49:54,2026-08-22 19:20:09
1383,124,kai.santos31@summit.com,member,2026-07-23 20:41:30,2026-08-17 05:55:11
1384,124,jordan.murphy88@summit.com,viewer,2026-03-02 14:11:53,2026-06-23 15:46:13
1385,124,rowan.rossi23@summit.com,viewer,2025-12-17 15:51:20,2026-04-05 15:56:10
1386,124,hayden.silva71@summit.com,member,2026-01-10 20:50:36,2026-03-11 17:20:41
1387,124,rowan.santos40@summit.com,member,2026-03-17 17:14:10,2026-04-17 12:41:29
1388,124,hayden.silva3@summit.com,viewer,2026-06-22 12:45:46,2026-07-25 17:36:51
1389,124,morgan.murphy78@summit.com,member,2026-01-31 06:03:21,2026-06-29 11:11:36
1390,124,dev.murphy98@summit.com,member,2026-04-08 16:08:37,2026-08-13 15:13:31
1391,124,quinn.muller20@summit.com,member,2026-08-25 21:08:50,
1392,124,kai.kim71@summit.com,member,2026-06-07 13:43:56,2026-06-11 17:16:48
1393,124,yuki.ivanov65@summit.com,member,2026-07-29 14:23:42,2026-08-26 10:13:44
1394,124,emerson.rossi31@summit.com,viewer,2026-08-23 15:52:49,2026-08-29 18:51:53
1395,124,avery.patel36@summit.com,viewer,2025-12-23 17:36:20,2026-02-21 18:41:05
1396,124,mateo.garcia45@summit.com,member,2026-01-28 18:05:01,2026-03-10 20:55:46
1397,124,amara.rossi94@summit.com,member,2026-02-17 11:41:55,2026-08-27 10:01:05
1398,125,sam.young26@beacon.com,member,2025-08-23 13:05:38,2026-06-14 11:30:05
1399,125,riley.okoro7@beacon.com,admin,2025-06-04 14:44:29,2026-06-13 08:13:10
1400,125,mateo.muller7@beacon.com,viewer,2026-04-02 14:07:07,
1401,125,kai.smith17@beacon.com,member,2026-03-05 15:42:47,2026-03-15 07:46:02
1402,125,mateo.silva26@beacon.com,member,2026-08-02 11:21:13,2026-08-25 15:02:18
1403,125,alex.rossi59@beacon.com,admin,2026-08-10 15:18:11,2026-08-31 16:49:33
1404,125,jordan.chen3@beacon.com,viewer,2025-05-20 17:36:42,2026-05-04 10:33:08
1405,125,riley.muller77@beacon.com,member,2026-01-07 16:22:46,2026-02-08 02:52:37
1406,125,jordan.patel28@beacon.com,member,2026-03-03 12:01:49,2026-07-26 13:08:49
1407,125,quinn.murphy16@beacon.com,member,2025-05-17 10:19:48,2025-08-22 11:22:35
1408,125,avery.patel34@beacon.com,viewer,2025-06-20 18:27:07,2026-07-05 15:01:09
1409,125,dev.rossi62@beacon.com,member,2026-02-12 11:46:05,2026-06-18 09:10:38
1410,125,noor.berg3@beacon.com,member,2026-04-24 18:21:20,2026-05-27 07:18:33
1411,125,morgan.patel29@beacon.com,admin,2025-11-01 10:57:25,2026-03-27 04:03:07
1412,125,amara.murphy48@beacon.com,member,2026-06-30 14:22:23,2026-08-19 10:04:23
1413,125,noor.rossi32@beacon.com,member,2025-11-25 00:02:35,2026-01-18 07:51:16
1414,125,casey.ivanov16@beacon.com,admin,2025-04-08 18:50:26,
1415,126,mateo.okoro36@marlow.com,admin,2025-06-07 01:06:51,2025-07-23 12:27:33
1416,126,mateo.smith19@marlow.com,member,2025-10-21 08:02:26,2025-11-17 21:45:03
1417,126,casey.silva7@marlow.com,viewer,2025-12-04 10:33:17,2026-01-02 10:03:52
1418,126,hayden.novak52@marlow.com,member,2025-12-24 12:33:43,2026-01-18 03:36:27
1419,126,mateo.tanaka91@marlow.com,member,2025-10-15 10:42:51,2025-12-18 12:13:07
1420,126,dev.okoro21@marlow.com,viewer,2025-07-28 17:27:52,2026-03-20 19:59:16
1421,126,jordan.hansen75@marlow.com,member,2025-07-02 07:54:30,
1422,126,sam.kim35@marlow.com,member,2025-04-26 15:50:07,2025-11-29 07:21:40
1423,126,mateo.berg63@marlow.com,member,2025-05-12 09:15:34,2025-07-14 18:02:01
1424,126,jordan.berg97@marlow.com,admin,2026-01-24 09:45:04,2026-03-10 14:17:36
1425,126,morgan.kim33@marlow.com,member,2025-09-26 13:31:59,2026-02-01 04:37:19
1426,126,dev.ivanov64@marlow.com,member,2025-11-05 16:24:38,2025-11-21 08:37:28
1427,126,hayden.smith53@marlow.com,viewer,2026-01-26 12:36:17,2026-02-01 08:31:18
1428,127,morgan.dubois56@redwood.com,member,2026-08-18 09:36:58,2026-08-29 14:32:42
1429,127,dev.murphy2@redwood.com,viewer,2026-05-18 09:56:27,
1430,127,riley.patel28@redwood.com,viewer,2026-08-20 07:26:03,2026-08-28 11:57:34
1431,127,morgan.patel81@redwood.com,viewer,2026-08-19 12:51:05,2026-08-29 09:54:59
1432,127,emerson.young74@redwood.com,member,2026-06-03 08:07:05,2026-08-06 17:49:37
1433,127,alex.santos65@redwood.com,viewer,2026-06-29 16:34:59,2026-08-05 18:32:01
1434,127,taylor.chen69@redwood.com,member,2026-06-24 12:59:14,2026-07-09 11:56:56
1435,127,mateo.ivanov48@redwood.com,admin,2026-07-16 12:26:30,2026-07-16 12:03:51
1436,128,jordan.rossi25@vantage.com,viewer,2026-07-19 14:59:10,2026-07-24 09:25:05
1437,128,ines.berg35@vantage.com,member,2026-06-29 11:48:25,2026-08-06 14:35:57
1438,128,ines.kim35@vantage.com,member,2026-07-08 14:16:57,
1439,128,jordan.berg55@vantage.com,member,2026-08-04 12:35:41,
1440,128,morgan.walsh37@vantage.com,member,2026-05-26 10:49:59,2026-08-22 12:14:21
1441,128,amara.okoro24@vantage.com,member,2026-06-22 09:39:24,2026-06-27 17:59:26
1442,128,lars.silva93@vantage.com,member,2026-06-13 06:00:09,2026-08-06 03:28:32
1443,129,kai.muller21@blue.com,member,2026-01-24 09:34:08,2026-04-25 13:15:52
1444,129,yuki.berg29@blue.com,member,2025-12-03 17:08:16,2026-06-25 12:32:14
1445,129,ines.muller97@blue.com,admin,2026-06-23 09:13:53,2026-07-01 11:39:53
1446,129,amara.silva46@blue.com,viewer,2026-01-29 14:06:14,2026-07-01 14:10:52
1447,129,ines.tanaka1@blue.com,member,2026-03-22 07:21:49,2026-05-24 05:16:20
1448,129,morgan.hansen36@blue.com,admin,2025-12-14 10:02:55,2026-08-24 08:07:39
1449,129,hayden.ali4@blue.com,viewer,2026-03-11 11:58:59,2026-06-25 11:04:30
1450,129,yuki.muller90@blue.com,admin,2026-01-05 12:58:46,2026-05-22 13:34:40
1451,129,kai.murphy71@blue.com,member,2025-12-04 23:50:14,2026-04-22 06:17:26
1452,129,dev.rossi51@blue.com,member,2026-05-19 16:15:44,2026-06-21 12:39:42
1453,129,dev.santos57@blue.com,viewer,2026-06-23 07:21:37,2026-08-26 10:19:44
1454,130,sam.smith16@solstice.com,viewer,2026-05-07 15:23:15,2026-08-07 13:11:03
1455,130,kai.kim45@solstice.com,member,2026-08-13 11:46:03,
1456,130,dev.santos97@solstice.com,member,2026-04-15 14:08:06,2026-07-25 08:20:15
1457,130,amara.ali42@solstice.com,admin,2026-06-27 14:36:19,2026-07-04 10:00:03
1458,130,hayden.ivanov75@solstice.com,member,2026-03-22 09:57:47,2026-04-03 09:24:24
1459,130,dev.tanaka56@solstice.com,member,2026-07-08 16:59:19,2026-07-11 10:27:16
1460,130,noor.hansen63@solstice.com,member,2026-05-07 19:49:20,2026-06-19 12:01:36
1461,131,yuki.young4@aurora.com,viewer,2024-11-20 17:50:08,2025-07-26 17:23:16
1462,131,morgan.tanaka44@aurora.com,member,2026-02-15 10:59:03,2026-02-21 07:40:21
1463,131,noor.rossi24@aurora.com,member,2024-05-17 08:48:51,
1464,131,noor.walsh89@aurora.com,member,2025-08-13 10:06:05,2026-01-19 11:48:20
1465,131,taylor.smith12@aurora.com,viewer,2024-11-05 14:03:00,2026-04-04 16:16:34
1466,131,alex.smith61@aurora.com,admin,2025-11-08 17:11:36,2026-02-17 11:31:35
1467,131,emerson.murphy2@aurora.com,viewer,2026-01-07 16:40:51,2026-02-10 11:45:26
1468,131,jordan.muller94@aurora.com,member,2025-07-17 08:16:14,
1469,131,rowan.silva56@aurora.com,member,2025-09-10 11:22:52,2026-02-07 15:55:48
1470,131,morgan.hansen34@aurora.com,member,2026-02-17 15:32:20,2026-03-11 10:07:42
1471,131,emerson.ali7@aurora.com,viewer,2025-01-22 09:41:23,
1472,131,mateo.dubois95@aurora.com,admin,2025-02-24 08:59:45,2025-06-04 16:04:07
1473,131,hayden.santos79@aurora.com,viewer,2025-08-09 07:28:57,2026-04-17 14:39:46
1474,131,avery.silva86@aurora.com,member,2025-06-19 08:53:35,2026-05-13 14:10:31
1475,131,kai.rossi10@aurora.com,admin,2025-11-10 16:38:50,2026-02-08 14:41:34
1476,131,quinn.kim33@aurora.com,viewer,2025-06-08 21:20:46,2026-04-29 08:24:38
1477,131,yuki.muller35@aurora.com,member,2025-11-17 04:58:55,2026-01-14 10:14:56
1478,131,casey.ivanov9@aurora.com,member,2026-04-24 06:27:22,2026-05-06 11:32:18
1479,131,taylor.ali33@aurora.com,viewer,2024-10-31 08:34:56,2025-11-03 09:27:03
1480,131,jordan.walsh78@aurora.com,admin,2025-05-13 14:48:58,2025-12-29 14:35:06
1481,131,rowan.silva83@aurora.com,member,2026-03-24 17:47:24,2026-04-02 12:32:32
1482,131,amara.berg55@aurora.com,viewer,2026-02-04 14:03:19,2026-04-12 12:09:56
1483,131,ines.berg90@aurora.com,member,2025-03-26 09:14:02,2025-11-26 07:53:28
1484,131,dev.santos96@aurora.com,member,2024-08-07 13:14:37,2025-04-22 08:08:57
1485,131,morgan.ivanov31@aurora.com,member,2025-08-11 12:25:58,2025-10-02 08:07:41
1486,132,avery.rossi67@cobalt.com,member,2025-09-11 08:02:52,2025-09-12 14:35:59
1487,132,alex.rossi30@cobalt.com,member,2025-01-23 11:07:02,2025-01-23 02:44:33
1488,132,yuki.young86@cobalt.com,member,2024-12-10 16:12:23,2025-08-13 14:07:00
1489,132,jordan.chen8@cobalt.com,member,2025-06-09 09:05:37,2025-07-09 17:18:59
1490,132,sam.walsh36@cobalt.com,admin,2025-08-13 10:26:55,2025-09-30 15:35:41
1491,132,rowan.smith5@cobalt.com,member,2025-09-22 23:29:53,
1492,132,morgan.patel48@cobalt.com,member,2025-06-19 16:21:01,2025-07-24 19:47:37
1493,132,noor.tanaka86@cobalt.com,member,2024-12-18 18:19:55,2025-05-04 07:00:57
1494,132,jordan.silva37@cobalt.com,member,2025-01-08 10:25:39,
1495,132,taylor.young61@cobalt.com,member,2025-09-23 10:35:48,
1496,132,noor.tanaka71@cobalt.com,member,2025-03-04 13:10:24,2025-07-23 08:34:46
1497,132,mateo.patel68@cobalt.com,member,2025-10-01 07:33:43,2025-10-04 13:33:57
1498,132,dev.garcia47@cobalt.com,viewer,2025-07-31 11:23:29,
1499,132,amara.murphy49@cobalt.com,member,2025-01-03 07:05:08,
1500,132,emerson.murphy81@cobalt.com,admin,2025-07-03 21:35:54,2025-09-12 16:11:24
1501,132,amara.hansen18@cobalt.com,viewer,2024-11-27 07:31:29,2025-07-21 10:32:20
1502,132,jordan.muller63@cobalt.com,member,2025-04-22 16:41:35,2025-09-23 08:04:06
1503,132,taylor.garcia78@cobalt.com,member,2025-02-07 08:30:21,2025-05-21 19:27:17
1504,133,mateo.kim91@sable.com,viewer,2026-06-15 07:35:22,2026-07-18 15:23:17
1505,133,emerson.walsh6@sable.com,member,2026-07-13 07:55:23,2026-08-31 12:00:54
1506,133,alex.berg3@sable.com,viewer,2026-08-08 17:26:17,2026-08-09 06:25:14
1507,133,mateo.rossi28@sable.com,member,2026-06-12 18:39:20,2026-07-17 16:30:11
1508,133,alex.kim12@sable.com,member,2026-07-11 14:45:28,2026-08-21 19:52:33
1509,133,jordan.muller54@sable.com,viewer,2026-07-06 12:59:50,
1510,133,alex.walsh9@sable.com,member,2026-07-23 13:44:48,
1511,133,jordan.smith74@sable.com,viewer,2026-06-13 07:52:42,2026-06-13 13:54:29
1512,133,rowan.rossi55@sable.com,viewer,2026-06-17 15:14:52,
1513,133,sam.berg18@sable.com,member,2026-08-01 14:00:30,2026-08-02 11:51:27
1514,133,jordan.ivanov74@sable.com,member,2026-07-08 14:51:36,2026-08-12 14:44:18
1515,133,mateo.tanaka76@sable.com,admin,2026-08-11 09:30:49,2026-08-17 17:26:22
1516,134,dev.ivanov19@vertex.com,admin,2024-12-27 18:46:49,2025-07-22 16:51:34
1517,134,sam.ali43@vertex.com,member,2024-12-09 13:39:25,
1518,134,morgan.garcia60@vertex.com,member,2025-05-13 11:33:48,2025-08-30 21:50:50
1519,134,rowan.muller54@vertex.com,admin,2025-06-02 11:12:37,2025-12-26 17:34:27
1520,134,quinn.ali39@vertex.com,member,2026-04-12 09:58:51,2026-08-18 08:19:11
1521,134,hayden.okoro18@vertex.com,member,2026-07-05 09:03:25,2026-07-26 10:28:52
1522,135,rowan.hansen11@vertex.com,member,2026-04-12 01:02:34,2026-07-22 08:36:11
1523,135,rowan.smith6@vertex.com,admin,2025-11-16 09:05:06,2026-04-23 15:42:38
1524,135,yuki.okoro13@vertex.com,member,2026-01-21 19:43:24,2026-07-15 02:21:51
1525,135,morgan.rossi82@vertex.com,member,2025-06-26 10:14:20,
1526,135,taylor.garcia88@vertex.com,member,2026-07-22 18:50:50,2026-07-22 17:42:08
1527,135,emerson.kim2@vertex.com,admin,2026-03-15 10:21:13,2026-06-29 15:44:58
1528,135,morgan.hansen84@vertex.com,member,2026-08-14 11:02:53,2026-08-22 11:56:39
1529,136,mateo.novak17@lantern.com,member,2026-08-23 14:41:01,2026-08-31 05:22:45
1530,136,jordan.kim2@lantern.com,viewer,2026-06-16 15:00:13,2026-07-22 20:39:13
1531,136,amara.smith1@lantern.com,member,2026-08-14 12:44:48,2026-08-18 19:56:13
1532,136,jordan.garcia70@lantern.com,viewer,2026-06-23 13:11:34,2026-07-05 20:41:21
1533,136,emerson.silva48@lantern.com,admin,2026-07-02 06:31:36,2026-07-23 08:23:24
1534,136,alex.patel51@lantern.com,member,2026-07-30 09:49:44,2026-08-02 06:24:45
1535,136,ines.ivanov35@lantern.com,member,2026-06-17 16:19:37,2026-07-03 15:13:42
1536,136,emerson.silva3@lantern.com,member,2026-08-15 10:54:54,
1537,136,rowan.dubois2@lantern.com,member,2026-06-07 22:20:16,2026-08-27 10:00:04
1538,136,kai.rossi37@lantern.com,member,2026-06-03 08:03:40,
1539,136,amara.muller29@lantern.com,admin,2026-06-10 15:36:02,2026-07-19 10:06:04
1540,136,noor.kim46@lantern.com,viewer,2026-08-08 12:15:00,2026-08-28 15:34:35
1541,137,jordan.okoro51@onyx.com,viewer,2024-07-20 10:59:58,2024-12-06 13:00:18
1542,137,rowan.berg72@onyx.com,viewer,2025-07-03 07:37:47,2026-04-07 11:54:36
1543,137,noor.chen22@onyx.com,member,2025-11-20 17:51:00,2026-03-18 19:15:26
1544,137,riley.murphy48@onyx.com,viewer,2026-03-03 14:08:00,2026-04-19 06:29:29
1545,137,casey.garcia45@onyx.com,member,2025-06-21 11:10:06,2025-10-14 14:35:00
1546,137,dev.rossi9@onyx.com,viewer,2026-01-14 15:43:23,2026-05-28 15:33:36
1547,137,casey.tanaka14@onyx.com,member,2025-10-23 12:46:37,2026-07-07 11:34:23
1548,138,mateo.walsh22@westgate.com,member,2026-08-11 15:49:21,2026-08-14 10:33:02
1549,138,ines.santos98@westgate.com,viewer,2026-02-22 13:09:32,2026-07-26 17:04:35
1550,138,ines.rossi66@westgate.com,admin,2026-08-17 12:10:46,2026-08-31 10:03:42
1551,138,morgan.patel7@westgate.com,member,2026-06-25 16:14:08,2026-07-22 13:34:08
1552,138,sam.ali12@westgate.com,member,2026-01-11 18:55:33,2026-05-15 22:41:13
1553,138,jordan.tanaka47@westgate.com,member,2025-12-19 15:08:02,2026-03-29 14:43:08
1554,138,sam.ali92@westgate.com,member,2026-02-07 10:59:08,2026-04-04 16:08:45
1555,138,quinn.hansen92@westgate.com,viewer,2025-12-15 11:25:12,2026-02-19 12:26:21
1556,138,sam.hansen92@westgate.com,member,2025-10-25 10:37:06,2026-02-20 19:28:29
1557,138,quinn.muller99@westgate.com,admin,2026-07-26 08:38:05,
1558,138,jordan.walsh39@westgate.com,member,2026-05-24 12:07:50,2026-08-09 05:10:37
1559,138,taylor.silva95@westgate.com,member,2025-11-07 13:51:55,2026-03-28 06:24:25
1560,138,casey.tanaka63@westgate.com,admin,2026-02-04 11:56:23,
1561,138,kai.murphy97@westgate.com,viewer,2026-05-25 06:32:51,2026-05-30 10:44:25
1562,138,emerson.hansen8@westgate.com,member,2026-05-13 04:27:25,2026-06-18 15:50:16
1563,138,hayden.young99@westgate.com,member,2026-02-01 13:10:29,2026-03-30 13:22:00
1564,138,riley.rossi50@westgate.com,member,2026-01-29 15:42:08,2026-08-30 07:18:09
1565,138,lars.dubois35@westgate.com,member,2026-04-17 20:34:47,2026-05-12 14:54:32
1566,138,dev.young13@westgate.com,member,2026-07-03 18:45:05,2026-08-31 11:40:15
1567,138,amara.okoro34@westgate.com,admin,2026-08-27 20:18:29,2026-08-31 10:15:56
1568,138,emerson.kim47@westgate.com,admin,2026-01-27 14:04:05,2026-03-25 09:12:52
1569,139,yuki.walsh52@marlow.com,viewer,2026-02-23 09:55:29,
1570,139,kai.berg87@marlow.com,member,2026-05-27 15:17:46,2026-05-29 16:25:37
1571,139,rowan.novak47@marlow.com,member,2026-05-03 10:46:38,2026-05-16 10:30:54
1572,139,kai.garcia56@marlow.com,member,2026-03-30 02:44:58,2026-05-04 07:11:21
1573,139,amara.dubois80@marlow.com,member,2025-11-24 10:09:20,2026-02-10 12:52:21
1574,139,amara.okoro51@marlow.com,member,2026-02-25 11:17:08,2026-04-23 08:54:59
1575,139,emerson.berg16@marlow.com,admin,2026-01-22 14:16:41,2026-04-30 07:52:18
1576,139,amara.novak32@marlow.com,member,2026-04-10 10:19:13,2026-04-20 19:52:07
1577,139,sam.murphy73@marlow.com,viewer,2026-05-24 03:41:43,2026-05-31 09:58:43
1578,139,casey.walsh68@marlow.com,member,2026-05-28 12:05:58,2026-05-29 08:07:05
1579,139,taylor.dubois21@marlow.com,member,2026-04-13 18:51:29,2026-05-25 09:57:11
1580,140,ines.kim15@halcyon.com,viewer,2026-08-05 14:44:33,2026-08-25 20:55:41
1581,140,rowan.muller29@halcyon.com,member,2026-04-16 10:12:12,2026-08-12 11:36:27
1582,140,alex.smith36@halcyon.com,member,2026-04-30 10:09:52,2026-07-21 16:59:48
1583,140,lars.garcia4@halcyon.com,viewer,2026-04-23 04:58:09,2026-07-26 10:33:42
1584,140,morgan.muller9@halcyon.com,admin,2026-05-04 03:19:14,2026-06-13 11:54:12
1585,140,casey.novak98@halcyon.com,viewer,2026-05-27 08:12:24,2026-08-15 14:31:10
1586,141,riley.ivanov51@keystone.com,member,2026-02-08 14:31:50,2026-08-11 03:41:11
1587,141,emerson.muller93@keystone.com,member,2025-12-17 18:09:10,2026-06-15 16:55:42
1588,141,mateo.silva90@keystone.com,member,2025-10-29 16:44:44,2026-07-23 13:11:00
1589,141,emerson.silva17@keystone.com,member,2025-12-04 07:03:35,2026-07-10 07:22:02
1590,141,sam.ivanov24@keystone.com,member,2026-04-05 08:54:12,2026-08-10 15:07:48
1591,141,sam.smith2@keystone.com,viewer,2026-02-24 16:35:14,2026-04-04 10:22:41
1592,141,lars.rossi91@keystone.com,viewer,2026-05-25 14:53:40,
1593,142,lars.ali52@summit.com,admin,2026-02-12 21:13:44,2026-05-06 11:16:08
1594,142,riley.rossi92@summit.com,viewer,2025-12-18 10:42:54,2026-02-10 15:18:16
1595,142,riley.rossi23@summit.com,viewer,2026-07-17 13:21:13,2026-08-08 11:24:11
1596,142,sam.okoro32@summit.com,viewer,2026-04-09 07:03:17,2026-08-09 17:15:04
1597,142,ines.ali14@summit.com,viewer,2026-04-22 19:49:07,2026-04-23 12:20:14
1598,142,lars.dubois20@summit.com,member,2026-08-31 09:24:11,
1599,142,sam.ivanov37@summit.com,member,2026-04-24 10:20:46,2026-06-21 13:46:30
1600,142,ines.kim47@summit.com,member,2026-02-19 06:05:27,2026-07-14 06:11:59
1601,142,jordan.garcia73@summit.com,admin,2026-02-15 19:05:36,2026-08-06 10:27:17
1602,142,amara.novak76@summit.com,admin,2026-04-11 16:51:08,2026-08-29 12:51:11
1603,142,taylor.rossi56@summit.com,member,2025-10-10 07:42:05,2025-10-17 06:55:41
1604,143,avery.berg32@redwood.com,member,2026-01-15 13:29:25,2026-05-05 18:39:25
1605,143,amara.ivanov61@redwood.com,member,2026-01-06 16:49:11,2026-02-17 11:57:30
1606,143,mateo.okoro87@redwood.com,viewer,2026-01-30 12:30:41,2026-05-27 20:44:36
1607,143,noor.hansen31@redwood.com,viewer,2026-05-16 14:19:12,2026-06-11 19:43:36
1608,143,dev.garcia81@redwood.com,member,2026-01-26 15:40:21,2026-04-20 10:01:32
1609,143,quinn.smith19@redwood.com,admin,2026-02-12 06:53:01,
1610,143,emerson.walsh49@redwood.com,viewer,2026-07-14 11:45:03,2026-07-23 13:29:51
1611,144,lars.murphy51@westgate.com,member,2025-12-09 11:19:56,2026-07-19 12:19:36
1612,144,noor.novak50@westgate.com,viewer,2025-06-22 04:26:15,2026-01-26 14:02:16
1613,145,quinn.walsh26@lakeside.com,member,2026-08-05 21:36:27,
1614,145,morgan.murphy57@lakeside.com,viewer,2026-07-15 13:22:08,
1615,145,kai.silva42@lakeside.com,admin,2026-07-03 10:07:10,2026-08-16 10:29:46
1616,145,morgan.murphy53@lakeside.com,member,2026-06-23 09:33:39,2026-08-16 09:05:54
1617,145,amara.dubois79@lakeside.com,member,2026-07-01 21:48:16,2026-08-29 09:42:27
1618,145,quinn.chen91@lakeside.com,admin,2026-04-23 13:38:37,2026-05-11 15:19:39
1619,145,dev.silva91@lakeside.com,member,2026-04-11 17:56:26,2026-06-16 09:28:18
1620,145,alex.ivanov98@lakeside.com,member,2026-04-16 11:38:46,2026-05-29 08:03:37
1621,145,avery.berg86@lakeside.com,viewer,2026-06-10 09:15:10,2026-08-31 15:33:37
1622,145,alex.berg58@lakeside.com,viewer,2026-03-06 11:19:57,2026-08-29 08:55:30
1623,146,avery.chen81@westgate.com,member,2025-11-16 17:08:02,2026-06-15 10:30:51
1624,146,alex.kim39@westgate.com,admin,2025-09-24 15:14:36,2026-05-03 16:24:59
1625,146,alex.muller95@westgate.com,member,2025-06-18 11:54:25,2025-08-11 07:07:13
1626,146,emerson.ivanov91@westgate.com,member,2026-08-07 11:00:35,2026-08-07 10:21:40
1627,146,jordan.berg79@westgate.com,member,2025-12-28 09:20:25,2026-01-14 09:23:35
1628,146,quinn.garcia10@westgate.com,member,2025-12-06 17:12:53,2026-04-23 12:03:56
1629,146,morgan.muller5@westgate.com,member,2025-12-16 08:06:01,2026-02-03 10:18:11
1630,146,quinn.murphy92@westgate.com,member,2025-10-23 15:34:53,2026-07-08 15:43:51
1631,146,sam.santos84@westgate.com,member,2025-06-05 15:03:09,2026-06-02 17:36:55
1632,146,jordan.walsh57@westgate.com,member,2026-07-08 16:03:09,2026-07-12 11:12:02
1633,146,lars.hansen7@westgate.com,member,2025-09-15 08:48:21,2026-06-28 13:17:27
1634,146,morgan.novak26@westgate.com,admin,2026-05-30 07:25:36,2026-06-18 13:14:00
1635,146,avery.novak2@westgate.com,member,2025-07-16 15:07:42,2025-11-05 08:26:29
1636,146,mateo.hansen2@westgate.com,member,2025-12-27 15:20:15,2026-04-15 08:30:39
1637,146,sam.rossi36@westgate.com,viewer,2026-06-09 15:35:49,2026-06-22 06:57:11
1638,146,ines.rossi31@westgate.com,member,2025-10-01 18:50:08,
1639,146,riley.santos38@westgate.com,viewer,2025-06-14 15:05:29,2026-07-28 13:47:51
1640,146,morgan.rossi85@westgate.com,member,2026-05-24 17:26:58,2026-06-30 05:23:03
1641,146,taylor.santos60@westgate.com,member,2026-07-21 12:52:16,2026-07-24 16:30:41
1642,146,casey.young77@westgate.com,member,2025-12-19 12:34:55,2026-02-03 18:03:24
1643,147,ines.muller44@cobalt.com,admin,2025-07-08 20:50:44,2025-08-09 08:20:38
1644,147,kai.okoro98@cobalt.com,member,2026-01-18 19:31:15,2026-07-19 09:32:46
1645,147,mateo.berg99@cobalt.com,viewer,2025-08-12 07:29:32,2025-11-15 07:05:05
1646,147,quinn.hansen89@cobalt.com,admin,2025-03-15 17:55:52,2025-05-05 14:57:57
1647,147,hayden.kim81@cobalt.com,member,2026-06-12 14:11:38,2026-07-01 10:37:39
1648,147,casey.walsh14@cobalt.com,member,2025-12-23 09:29:11,2026-01-28 18:24:47
1649,147,alex.hansen38@cobalt.com,member,2025-07-18 16:37:56,2025-09-13 10:24:43
1650,147,avery.novak95@cobalt.com,member,2026-02-27 11:57:53,2026-07-15 16:12:18
1651,147,hayden.ivanov67@cobalt.com,viewer,2025-02-19 01:23:39,2026-01-23 01:29:01
1652,147,yuki.hansen10@cobalt.com,member,2026-02-22 13:57:11,2026-05-13 08:43:28
1653,147,noor.novak21@cobalt.com,member,2026-03-14 11:31:30,2026-08-14 15:26:14
1654,147,morgan.rossi46@cobalt.com,member,2025-12-24 06:51:38,2025-12-28 11:56:25
1655,147,alex.hansen74@cobalt.com,admin,2025-06-18 18:59:49,2025-09-06 08:18:07
1656,147,avery.kim20@cobalt.com,member,2026-03-28 11:29:42,2026-06-16 15:44:37
1657,147,noor.rossi80@cobalt.com,member,2025-07-08 06:42:16,2026-06-13 15:11:02
1658,147,alex.santos44@cobalt.com,member,2026-07-12 07:41:34,
1659,147,sam.ali74@cobalt.com,viewer,2025-03-14 06:54:09,2025-10-29 14:10:04
1660,147,morgan.garcia48@cobalt.com,member,2025-05-08 12:55:27,2026-01-24 14:56:07
1661,147,noor.santos64@cobalt.com,member,2026-08-11 12:16:35,2026-08-15 17:06:48
1662,147,sam.okoro40@cobalt.com,admin,2026-08-05 16:11:36,2026-08-17 07:53:43
1663,147,ines.murphy82@cobalt.com,viewer,2026-06-30 20:40:25,2026-07-15 16:33:20
1664,147,kai.chen96@cobalt.com,member,2025-11-16 07:18:42,
1665,147,casey.young19@cobalt.com,member,2025-08-04 02:44:04,2026-03-15 16:11:04
1666,148,dev.ali69@marlow.com,viewer,2025-05-19 13:55:44,2025-07-15 09:31:32
1667,148,jordan.walsh79@marlow.com,member,2025-03-27 14:06:41,2026-05-17 13:38:39
1668,148,yuki.novak15@marlow.com,member,2025-05-16 02:44:47,2025-05-26 06:56:27
1669,149,sam.patel45@summit.com,member,2025-02-01 08:06:00,2025-08-11 08:21:12
1670,149,sam.dubois23@summit.com,member,2025-04-24 19:35:44,2025-08-15 12:15:35
1671,149,noor.young22@summit.com,member,2025-03-14 12:27:10,2025-08-05 15:03:03
1672,149,noor.silva30@summit.com,viewer,2025-05-29 13:24:43,2025-08-08 23:13:56
1673,150,avery.novak62@orchard.com,viewer,2026-08-24 20:58:51,2026-08-25 12:40:07
1674,150,kai.rossi51@orchard.com,admin,2026-05-09 21:12:09,2026-06-09 11:19:49
1675,150,yuki.rossi26@orchard.com,viewer,2026-03-25 15:14:22,2026-08-27 08:43:34
1676,150,morgan.murphy95@orchard.com,viewer,2026-07-23 15:44:01,2026-07-27 12:20:45
1677,150,ines.walsh50@orchard.com,admin,2025-11-13 15:46:23,
1678,150,amara.rossi1@orchard.com,viewer,2026-06-16 09:04:39,2026-08-23 12:54:41
1679,150,mateo.young57@orchard.com,admin,2025-06-24 21:26:37,2025-08-22 11:32:44
1680,150,lars.silva70@orchard.com,member,2026-06-30 22:52:46,2026-07-22 14:11:47
1681,150,kai.okoro48@orchard.com,member,2025-07-06 17:36:53,2026-08-30 10:24:48
1682,150,riley.dubois58@orchard.com,viewer,2025-06-07 10:14:38,2026-04-18 12:36:57
1683,150,noor.patel98@orchard.com,member,2025-09-06 11:40:30,2026-02-05 17:37:55
1684,150,dev.tanaka55@orchard.com,member,2025-07-02 11:35:00,2025-12-04 06:28:36
1685,150,dev.murphy40@orchard.com,member,2026-01-28 13:25:17,2026-06-04 09:22:43
1686,150,yuki.novak78@orchard.com,member,2025-05-28 16:33:40,2026-08-04 09:26:29
1687,150,avery.okoro94@orchard.com,viewer,2025-10-12 12:16:18,2026-07-12 07:24:18
1688,150,alex.young22@orchard.com,member,2025-09-28 08:53:56,2026-06-18 16:56:00
1689,150,morgan.okoro18@orchard.com,member,2025-05-06 06:53:34,2025-05-26 10:18:35
1690,150,taylor.santos33@orchard.com,viewer,2025-07-20 13:12:55,2025-09-11 15:00:35
1691,151,rowan.walsh40@halcyon.com,member,2026-01-28 09:54:47,2026-06-15 12:39:38
1692,151,lars.hansen54@halcyon.com,viewer,2026-02-14 18:03:00,2026-04-15 01:59:28
1693,151,sam.hansen93@halcyon.com,viewer,2026-03-13 10:13:01,2026-06-24 07:56:55
1694,151,kai.chen13@halcyon.com,viewer,2026-04-19 22:27:28,2026-06-07 16:34:42
1695,151,sam.ivanov98@halcyon.com,member,2026-06-12 17:51:02,2026-06-14 14:33:30
1696,151,casey.novak55@halcyon.com,viewer,2026-01-25 09:16:08,2026-07-20 07:14:17
1697,151,dev.kim51@halcyon.com,viewer,2026-06-20 16:23:10,2026-08-02 20:35:57
1698,151,sam.okoro19@halcyon.com,member,2026-04-05 11:30:08,2026-05-07 07:58:22
1699,151,noor.rossi24@halcyon.com,member,2026-04-08 19:41:42,2026-05-24 07:00:21
1700,151,mateo.patel34@halcyon.com,member,2026-04-03 15:23:38,2026-08-03 18:19:34
1701,151,dev.tanaka42@halcyon.com,member,2026-03-16 06:08:18,2026-05-14 12:20:00
1702,151,emerson.novak14@halcyon.com,admin,2026-04-13 08:05:59,2026-04-27 00:15:25
1703,151,jordan.walsh31@halcyon.com,member,2026-08-28 15:34:41,2026-08-29 14:29:31
1704,151,quinn.young45@halcyon.com,member,2026-06-06 14:10:43,2026-08-31 10:20:10
1705,151,emerson.muller92@halcyon.com,member,2026-08-21 13:28:04,2026-08-22 11:32:20
1706,152,yuki.kim47@quill.com,member,2026-01-14 09:23:40,2026-02-06 09:29:19
1707,152,emerson.muller39@quill.com,member,2026-04-07 16:54:29,2026-08-20 15:54:46
1708,152,emerson.berg39@quill.com,viewer,2026-02-17 13:02:21,2026-07-13 11:16:18
1709,152,ines.ivanov69@quill.com,member,2026-04-16 12:26:05,
1710,152,avery.silva83@quill.com,admin,2026-01-23 11:34:56,2026-06-25 21:27:59
1711,153,jordan.hansen23@cobalt.com,member,2025-01-16 08:43:04,2025-01-31 08:18:52
1712,153,morgan.smith57@cobalt.com,viewer,2024-11-15 15:30:51,2025-01-06 10:42:13
1713,153,sam.smith66@cobalt.com,member,2025-01-05 09:24:31,2025-01-11 10:43:30
1714,153,ines.murphy96@cobalt.com,viewer,2024-09-18 22:14:13,2024-10-29 13:25:37
1715,154,amara.young74@umber.com,viewer,2025-09-06 10:39:37,2026-03-17 13:27:16
1716,154,amara.patel89@umber.com,admin,2026-04-19 13:21:30,
1717,154,amara.patel69@umber.com,member,2025-10-23 11:33:18,2026-04-15 08:45:05
1718,154,morgan.chen50@umber.com,viewer,2025-11-23 18:42:39,2026-08-13 15:19:39
1719,154,mateo.berg48@umber.com,viewer,2026-07-04 12:40:45,2026-08-08 18:23:52
1720,154,emerson.ivanov17@umber.com,admin,2026-04-17 11:37:29,2026-05-15 16:03:11
1721,154,lars.young85@umber.com,admin,2026-07-08 12:12:40,2026-08-31 14:04:52
1722,154,mateo.garcia60@umber.com,member,2026-05-06 13:19:58,
1723,154,rowan.smith35@umber.com,member,2025-11-10 23:33:06,2026-02-23 11:48:55
1724,154,morgan.novak82@umber.com,member,2025-08-10 10:27:54,
1725,154,casey.garcia74@umber.com,viewer,2026-03-30 10:00:56,2026-08-02 16:05:17
1726,154,alex.young85@umber.com,member,2026-08-23 10:09:35,2026-08-25 16:28:29
1727,154,noor.berg27@umber.com,member,2026-02-01 15:34:48,2026-08-22 10:40:53
1728,154,mateo.patel99@umber.com,admin,2025-07-09 15:07:36,2025-12-19 08:43:25
1729,154,amara.garcia2@umber.com,member,2025-10-30 14:20:22,2026-07-29 07:36:30
1730,154,quinn.tanaka6@umber.com,viewer,2025-08-30 17:45:07,2026-08-18 12:52:34
1731,154,hayden.dubois8@umber.com,member,2025-07-20 18:59:44,2025-12-20 08:29:13
1732,155,ines.novak49@bright.com,member,2026-07-20 12:38:25,2026-07-28 18:05:13
1733,155,quinn.novak46@bright.com,member,2026-07-25 21:48:53,2026-07-28 14:40:21
1734,155,jordan.hansen82@bright.com,member,2026-07-08 10:24:15,2026-08-05 14:05:41
1735,155,ines.berg24@bright.com,member,2026-07-27 14:02:42,2026-08-03 07:18:15
1736,155,yuki.silva61@bright.com,member,2026-05-31 23:41:24,2026-07-28 03:10:34
1737,155,alex.dubois32@bright.com,member,2026-07-05 16:43:26,2026-08-07 06:51:16
1738,155,sam.smith80@bright.com,viewer,2026-05-23 10:55:52,2026-07-21 20:20:40
1739,155,hayden.tanaka34@bright.com,member,2026-08-03 07:12:42,
1740,155,lars.patel18@bright.com,member,2026-07-24 11:59:54,2026-08-06 01:09:31
1741,155,casey.ali82@bright.com,member,2026-07-18 13:50:13,2026-08-04 11:33:48
1742,155,amara.tanaka74@bright.com,viewer,2026-05-16 18:55:38,2026-07-08 12:16:44
1743,155,alex.berg23@bright.com,member,2026-08-02 15:55:20,2026-08-19 15:17:39
1744,155,emerson.smith91@bright.com,viewer,2026-08-18 07:31:07,2026-08-31 15:34:47
1745,155,taylor.novak3@bright.com,viewer,2026-07-11 15:53:53,2026-08-07 16:35:07
1746,155,taylor.kim26@bright.com,viewer,2026-08-27 12:13:35,2026-08-28 13:48:33
1747,155,mateo.hansen66@bright.com,member,2026-07-13 01:16:06,2026-07-27 08:18:48
1748,155,alex.young2@bright.com,member,2026-06-12 14:26:01,2026-06-26 19:22:12
1749,155,lars.muller51@bright.com,member,2026-06-06 14:10:55,2026-07-09 15:02:59
1750,156,jordan.young5@copper.com,member,2026-08-25 09:01:03,2026-08-27 11:08:00
1751,156,ines.berg91@copper.com,viewer,2026-07-09 09:35:41,2026-08-14 08:17:23
1752,156,sam.young62@copper.com,admin,2026-01-28 15:34:29,2026-04-17 07:40:59
1753,156,amara.santos61@copper.com,member,2026-01-16 08:11:23,2026-04-25 21:55:59
1754,156,ines.chen19@copper.com,member,2026-01-29 08:26:06,2026-02-01 09:56:44
1755,156,lars.young7@copper.com,member,2026-02-05 12:06:44,
1756,156,avery.kim61@copper.com,member,2026-04-16 11:41:10,
1757,156,riley.kim5@copper.com,viewer,2026-01-23 15:04:36,2026-08-10 16:25:57
1758,156,avery.tanaka70@copper.com,member,2026-04-11 06:31:15,2026-04-13 10:30:38
1759,156,rowan.berg2@copper.com,member,2026-02-12 13:05:12,
1760,156,sam.murphy22@copper.com,member,2026-07-20 15:30:56,2026-07-26 08:52:24
1761,156,kai.walsh19@copper.com,viewer,2026-01-28 14:17:47,2026-02-03 16:16:20
1762,156,casey.walsh15@copper.com,member,2026-04-23 09:03:09,2026-05-10 11:00:29
1763,156,quinn.chen38@copper.com,member,2026-08-08 02:21:11,2026-08-12 08:09:05
1764,157,taylor.garcia19@nimbus.com,viewer,2026-03-17 16:30:56,2026-03-21 13:19:47
1765,157,kai.young3@nimbus.com,member,2025-08-21 09:08:30,2025-11-22 11:40:22
1766,157,jordan.murphy78@nimbus.com,member,2025-12-16 10:44:22,2025-12-28 21:43:08
1767,157,lars.hansen15@nimbus.com,admin,2026-03-16 20:34:37,2026-04-18 07:36:42
1768,157,jordan.rossi56@nimbus.com,member,2026-07-25 16:56:26,2026-08-19 23:44:18
1769,157,ines.santos55@nimbus.com,member,2025-09-28 23:58:00,2026-06-18 14:08:13
1770,157,yuki.ali40@nimbus.com,viewer,2026-02-01 13:05:36,2026-02-07 12:14:28
1771,157,amara.kim63@nimbus.com,admin,2025-07-16 11:47:46,2026-05-02 07:27:19
1772,158,kai.young94@copper.com,member,2026-03-07 12:17:28,2026-04-26 15:14:17
1773,158,yuki.rossi16@copper.com,admin,2025-12-14 17:10:04,2026-07-12 10:27:11
1774,158,avery.walsh88@copper.com,member,2026-02-17 17:48:13,2026-03-26 17:22:57
1775,158,sam.patel3@copper.com,member,2025-11-25 11:15:37,2026-06-05 09:18:47
1776,158,dev.patel1@copper.com,admin,2026-01-19 07:51:00,2026-06-14 15:36:05
1777,159,kai.berg97@pivot.com,member,2026-04-10 19:47:53,2026-05-18 16:08:43
1778,159,lars.berg94@pivot.com,member,2026-08-13 09:53:05,2026-08-14 10:34:50
1779,159,noor.walsh34@pivot.com,viewer,2026-08-05 21:32:17,2026-08-06 05:58:38
1780,160,noor.smith13@quill.com,admin,2025-11-20 17:20:05,2025-12-21 19:05:59
1781,160,dev.santos83@quill.com,member,2026-01-12 16:09:01,2026-01-20 10:09:48
1782,160,taylor.patel9@quill.com,member,2025-11-13 11:24:36,2025-12-24 15:17:26
1783,160,dev.ali37@quill.com,admin,2026-01-05 05:03:35,2026-01-22 17:27:28
1784,160,taylor.patel18@quill.com,member,2025-11-06 07:14:32,2026-01-14 18:44:32
1785,160,dev.chen1@quill.com,member,2025-12-16 06:16:44,2026-01-10 08:33:22
1786,160,riley.murphy30@quill.com,member,2025-11-30 19:14:22,2026-01-14 14:12:26
1787,160,alex.patel38@quill.com,member,2025-12-17 23:35:08,
1788,160,rowan.smith71@quill.com,member,2025-12-29 06:11:50,
1789,161,emerson.berg3@quarry.com,member,2025-07-26 08:03:16,2026-02-14 07:02:03
1790,161,noor.patel7@quarry.com,member,2025-11-04 12:29:05,
1791,161,jordan.rossi26@quarry.com,member,2024-09-24 10:08:01,2025-02-01 13:59:40
1792,161,taylor.santos92@quarry.com,member,2026-06-26 20:49:57,2026-08-28 15:27:48
1793,161,hayden.okoro93@quarry.com,viewer,2025-05-16 14:57:09,
1794,161,noor.silva82@quarry.com,member,2025-11-18 10:46:47,2025-11-30 07:05:21
1795,161,avery.chen63@quarry.com,admin,2026-05-27 23:34:10,2026-06-29 09:35:26
1796,161,rowan.smith96@quarry.com,member,2025-02-08 00:25:54,2026-05-23 14:11:25
1797,161,kai.hansen90@quarry.com,viewer,2025-10-27 13:28:56,2026-01-13 17:17:04
1798,161,lars.murphy66@quarry.com,member,2025-10-17 06:10:37,2026-03-04 15:18:30
1799,161,avery.hansen2@quarry.com,viewer,2024-10-25 07:32:19,
1800,162,hayden.muller17@ironclad.com,member,2026-06-12 11:47:48,2026-06-29 16:19:03
1801,162,lars.muller15@ironclad.com,member,2026-05-16 15:22:10,2026-06-28 15:27:53
1802,162,taylor.berg23@ironclad.com,member,2026-05-11 14:51:18,
1803,162,jordan.smith13@ironclad.com,member,2026-07-23 12:29:15,2026-07-25 12:12:34
1804,162,noor.silva40@ironclad.com,viewer,2026-02-09 16:46:04,2026-07-09 15:32:55
1805,163,amara.tanaka69@quill.com,member,2026-04-21 09:49:01,
1806,163,casey.smith6@quill.com,member,2026-05-09 15:05:51,2026-05-19 16:23:19
1807,163,quinn.patel16@quill.com,member,2026-03-29 16:15:31,2026-04-04 10:47:33
1808,163,casey.ivanov50@quill.com,admin,2026-03-18 08:44:12,
1809,163,dev.murphy71@quill.com,admin,2026-03-08 09:00:13,2026-05-26 13:03:05
1810,163,ines.smith31@quill.com,member,2026-04-27 15:37:52,
1811,163,lars.tanaka6@quill.com,viewer,2026-06-09 08:22:43,2026-06-12 17:48:24
1812,163,yuki.ali13@quill.com,viewer,2026-02-23 10:23:58,2026-05-06 16:40:29
1813,163,casey.garcia27@quill.com,member,2026-02-12 02:59:10,2026-05-10 09:33:10
1814,163,yuki.murphy67@quill.com,member,2026-07-02 06:14:29,2026-07-02 11:49:29
1815,163,noor.smith55@quill.com,member,2026-03-10 07:39:30,
1816,163,riley.novak87@quill.com,member,2026-03-21 15:34:12,2026-06-26 13:24:16
1817,164,sam.murphy54@summit.com,viewer,2026-01-06 12:43:46,2026-02-02 17:00:11
1818,164,emerson.hansen60@summit.com,member,2026-06-20 17:12:51,2026-08-23 04:10:41
1819,164,avery.okoro24@summit.com,viewer,2025-11-20 13:48:24,2026-01-21 10:02:50
1820,164,emerson.murphy34@summit.com,member,2026-06-21 10:27:39,2026-08-20 02:51:28
1821,164,casey.silva74@summit.com,member,2026-08-31 17:09:05,2026-08-31 18:23:44
1822,164,sam.smith53@summit.com,viewer,2026-02-23 09:23:02,2026-04-01 10:00:30
1823,165,yuki.ali21@beacon.com,member,2026-05-10 17:36:08,2026-06-06 14:44:07
1824,165,lars.chen65@beacon.com,admin,2025-05-06 09:06:47,
1825,165,dev.garcia2@beacon.com,viewer,2025-09-23 10:46:23,2026-01-18 05:06:23
1826,165,lars.okoro90@beacon.com,viewer,2026-07-16 13:21:14,2026-08-30 16:14:42
1827,165,lars.garcia12@beacon.com,admin,2025-05-28 07:48:17,
1828,165,noor.ali99@beacon.com,viewer,2025-12-07 17:07:20,2026-08-15 12:51:37
1829,165,quinn.santos44@beacon.com,viewer,2025-11-10 18:21:51,2026-01-05 07:49:04
1830,165,riley.silva76@beacon.com,member,2024-10-23 08:54:40,2026-05-22 12:06:21
1831,165,dev.murphy21@beacon.com,member,2024-08-30 15:53:23,2025-09-26 02:18:50
1832,165,noor.murphy60@beacon.com,member,2025-04-27 06:32:29,2025-10-27 06:06:01
1833,165,emerson.okoro34@beacon.com,member,2024-11-17 14:03:13,2026-03-24 12:41:48
1834,165,ines.dubois40@beacon.com,member,2024-10-23 16:53:19,2026-04-18 02:11:56
1835,165,rowan.murphy86@beacon.com,member,2025-12-12 15:43:33,2026-01-06 08:11:21
1836,165,riley.murphy24@beacon.com,member,2025-08-31 07:28:41,2026-01-31 23:28:26
1837,165,avery.muller62@beacon.com,member,2025-08-05 20:25:30,2026-08-01 08:21:13
1838,165,riley.hansen78@beacon.com,member,2025-09-15 05:57:42,2026-06-12 11:32:53
1839,165,alex.ali67@beacon.com,member,2026-06-25 06:21:49,2026-08-30 23:37:43
1840,165,quinn.ali1@beacon.com,viewer,2025-07-29 11:36:26,2025-08-11 14:53:38
1841,165,jordan.dubois77@beacon.com,member,2026-08-14 14:47:20,2026-08-27 19:49:00
1842,165,mateo.kim95@beacon.com,member,2025-09-09 09:27:54,2026-07-10 17:31:45
1843,165,amara.patel31@beacon.com,member,2024-10-01 17:47:53,2026-03-24 09:54:11
1844,165,mateo.novak24@beacon.com,member,2024-11-25 19:09:30,
1845,165,casey.garcia60@beacon.com,admin,2024-10-28 12:27:10,2026-08-25 17:27:38
1846,165,hayden.rossi79@beacon.com,member,2024-09-11 13:14:02,2025-09-26 07:17:53
1847,165,morgan.smith55@beacon.com,member,2025-08-02 03:11:47,2025-08-06 08:54:51
1848,165,amara.santos2@beacon.com,viewer,2025-09-11 09:43:25,
1849,166,sam.tanaka70@cobalt.com,admin,2025-12-14 11:56:48,
1850,166,avery.garcia52@cobalt.com,member,2025-11-29 01:02:18,2026-03-23 17:02:56
1851,166,avery.novak24@cobalt.com,member,2026-04-23 09:07:55,2026-04-30 08:58:17
1852,166,morgan.berg36@cobalt.com,admin,2026-03-17 09:36:02,2026-04-13 21:58:35
1853,166,rowan.ali8@cobalt.com,viewer,2026-03-06 10:44:38,2026-03-28 13:39:52
1854,166,dev.silva17@cobalt.com,member,2026-01-20 07:57:36,2026-02-09 22:31:11
1855,166,kai.silva45@cobalt.com,member,2025-12-25 07:27:45,2026-03-11 21:36:52
1856,167,rowan.rossi59@nimbus.com,member,2026-03-05 13:40:37,2026-03-24 10:13:37
1857,167,alex.murphy93@nimbus.com,viewer,2026-02-27 11:52:00,
1858,167,ines.hansen97@nimbus.com,member,2026-03-11 18:36:53,2026-03-11 08:34:00
1859,167,dev.kim22@nimbus.com,viewer,2026-01-06 17:15:39,2026-01-15 18:49:52
1860,167,taylor.ali70@nimbus.com,member,2025-12-02 20:15:13,2025-12-06 13:11:57
1861,167,alex.rossi32@nimbus.com,member,2026-01-07 10:54:03,2026-01-12 08:23:57
1862,167,dev.silva44@nimbus.com,member,2025-12-23 11:32:52,2026-04-03 15:57:02
1863,167,avery.young25@nimbus.com,viewer,2026-02-04 10:10:37,2026-02-19 08:10:18
1864,167,riley.patel69@nimbus.com,member,2026-03-13 15:41:14,
1865,168,taylor.garcia21@vertex.com,member,2025-07-13 10:55:39,2025-07-16 11:21:48
1866,168,sam.smith19@vertex.com,member,2025-06-09 13:17:10,2025-08-11 11:04:30
1867,168,alex.okoro24@vertex.com,member,2025-05-22 11:39:50,2025-09-09 09:05:36
1868,168,amara.muller24@vertex.com,member,2025-05-31 15:08:27,2025-06-09 14:06:30
1869,168,ines.dubois20@vertex.com,member,2025-07-15 17:09:44,2025-08-16 13:25:16
1870,169,noor.smith58@ridgeline.com,member,2026-08-09 15:34:57,2026-08-16 03:36:37
1871,169,rowan.muller35@ridgeline.com,member,2025-08-14 07:22:44,
1872,169,rowan.hansen2@ridgeline.com,admin,2025-07-05 14:19:15,2025-11-20 08:49:08
1873,169,yuki.murphy63@ridgeline.com,member,2025-01-01 07:44:47,2026-04-18 14:16:29
1874,170,riley.garcia65@aurora.com,member,2025-02-08 14:34:50,2026-02-05 16:40:51
1875,170,amara.rossi95@aurora.com,member,2025-01-28 11:40:24,2025-01-31 09:34:30
1876,170,amara.novak27@aurora.com,member,2026-01-31 10:39:03,2026-02-21 13:35:27
1877,170,rowan.murphy92@aurora.com,viewer,2025-02-25 10:32:50,2025-07-23 20:17:03
1878,171,yuki.novak95@lakeside.com,member,2026-07-27 11:11:01,2026-08-16 14:45:50
1879,171,taylor.okoro62@lakeside.com,viewer,2026-07-23 17:40:55,2026-08-29 15:23:19
1880,171,emerson.garcia75@lakeside.com,member,2026-06-04 15:34:11,2026-08-14 08:11:55
1881,171,kai.rossi97@lakeside.com,member,2026-06-13 15:56:11,2026-07-21 11:35:26
1882,171,alex.garcia22@lakeside.com,member,2026-08-27 08:00:50,2026-08-28 18:05:18
1883,171,dev.tanaka51@lakeside.com,admin,2026-03-18 18:57:21,2026-07-09 05:26:25
1884,171,amara.hansen56@lakeside.com,admin,2026-03-28 15:39:04,2026-04-14 11:18:41
1885,171,jordan.berg29@lakeside.com,member,2026-03-27 16:05:05,2026-05-17 12:11:08
1886,171,quinn.okoro1@lakeside.com,admin,2026-08-13 12:02:20,2026-08-26 20:59:33
1887,171,taylor.okoro15@lakeside.com,viewer,2026-06-25 17:25:18,2026-08-17 16:03:30
1888,171,yuki.hansen2@lakeside.com,member,2026-05-09 11:12:17,
1889,171,jordan.murphy55@lakeside.com,viewer,2026-07-01 17:50:26,2026-08-24 09:07:13
1890,171,alex.young34@lakeside.com,viewer,2026-04-13 15:24:22,2026-05-06 20:19:08
1891,171,hayden.smith96@lakeside.com,member,2026-05-24 10:26:57,2026-06-15 11:42:57
1892,171,noor.novak33@lakeside.com,member,2026-03-23 11:04:30,2026-05-08 13:02:52
1893,171,rowan.smith66@lakeside.com,member,2026-06-06 13:12:11,2026-06-08 23:53:54
1894,172,sam.rossi37@westgate.com,admin,2025-01-01 12:14:17,2026-04-01 09:49:17
1895,172,noor.dubois26@westgate.com,viewer,2025-06-16 01:22:55,2026-01-01 13:28:36
1896,172,lars.hansen96@westgate.com,member,2025-04-24 09:29:11,2026-06-29 15:26:35
1897,172,yuki.tanaka94@westgate.com,member,2025-01-16 12:21:40,2025-03-21 14:00:38
1898,172,ines.ali23@westgate.com,member,2025-05-14 09:49:37,
1899,172,alex.kim75@westgate.com,member,2026-03-07 09:54:41,2026-07-07 12:16:43
1900,172,noor.smith38@westgate.com,member,2026-04-09 11:25:46,2026-08-16 20:33:16
1901,173,mateo.hansen54@copper.com,viewer,2026-03-10 15:25:35,2026-06-24 16:08:43
1902,173,emerson.chen89@copper.com,member,2024-11-08 12:38:36,
1903,173,sam.muller58@copper.com,viewer,2024-10-05 10:02:44,2025-03-24 13:07:00
1904,173,lars.okoro3@copper.com,member,2025-12-10 10:02:14,2026-04-09 10:48:56
1905,173,quinn.murphy35@copper.com,member,2026-08-24 14:01:52,2026-08-27 08:25:30
1906,173,ines.smith71@copper.com,viewer,2025-10-20 11:36:41,2026-01-21 15:26:26
1907,173,jordan.young3@copper.com,member,2025-06-15 12:21:43,2026-02-01 12:32:27
1908,173,sam.okoro61@copper.com,viewer,2026-05-06 14:44:39,2026-07-18 11:19:43
1909,173,ines.okoro4@copper.com,viewer,2026-01-29 16:40:19,2026-04-19 16:40:20
1910,173,riley.muller16@copper.com,member,2026-04-08 14:04:34,2026-04-23 09:54:35
1911,174,mateo.patel53@onyx.com,member,2025-09-20 08:59:43,2025-10-13 16:48:04
1912,174,alex.walsh25@onyx.com,member,2025-11-14 13:43:36,2025-12-02 13:49:53
1913,174,lars.rossi63@onyx.com,member,2025-10-24 14:56:49,
1914,174,quinn.murphy12@onyx.com,member,2025-05-21 09:25:37,2025-05-22 12:52:53
1915,174,morgan.patel27@onyx.com,viewer,2025-06-12 07:49:15,2025-11-10 12:42:15
1916,174,rowan.chen88@onyx.com,member,2025-11-30 13:26:28,2025-12-04 14:07:18
1917,174,kai.young23@onyx.com,member,2025-04-05 12:12:00,
1918,174,taylor.young68@onyx.com,member,2025-07-02 09:50:15,2025-09-09 09:58:32
1919,174,sam.muller89@onyx.com,member,2025-10-23 12:59:00,2025-10-27 11:34:07
1920,174,kai.ali85@onyx.com,member,2025-07-06 15:57:58,2025-08-04 10:41:33
1921,174,casey.okoro84@onyx.com,member,2025-04-12 18:41:32,2025-11-23 15:58:46
1922,174,rowan.patel26@onyx.com,viewer,2025-04-22 21:26:40,2025-11-06 05:30:03
1923,174,sam.murphy7@onyx.com,member,2025-06-14 17:54:04,2025-10-23 13:02:33
1924,174,morgan.okoro20@onyx.com,viewer,2025-07-24 16:53:33,2025-11-07 12:41:55
1925,174,alex.patel59@onyx.com,member,2025-06-21 14:40:17,2025-10-28 14:21:36
1926,174,jordan.tanaka70@onyx.com,viewer,2025-04-21 14:46:38,
1927,174,kai.smith22@onyx.com,admin,2025-11-11 07:01:15,2025-11-23 10:00:35
1928,174,casey.murphy8@onyx.com,member,2025-09-05 17:17:17,2025-09-27 23:26:12
1929,174,rowan.young49@onyx.com,member,2025-05-24 17:57:00,2025-07-10 14:21:33
1930,174,morgan.patel95@onyx.com,member,2025-04-19 14:23:13,2025-11-12 14:42:09
1931,175,amara.garcia20@quarry.com,member,2024-12-03 09:28:25,2026-03-17 10:00:11
1932,175,quinn.young49@quarry.com,member,2025-01-13 10:08:54,2026-04-17 00:58:48
1933,175,sam.hansen46@quarry.com,member,2025-09-25 16:50:23,2026-04-30 09:48:05
1934,175,alex.silva52@quarry.com,member,2025-08-26 07:55:45,2026-01-12 16:57:32
1935,175,mateo.walsh32@quarry.com,member,2026-06-20 08:08:14,2026-07-25 19:25:26
1936,175,sam.okoro52@quarry.com,member,2026-01-26 06:23:37,2026-06-29 15:33:26
1937,175,amara.walsh86@quarry.com,member,2025-09-27 10:10:26,2025-12-05 15:16:11
1938,175,dev.muller2@quarry.com,member,2026-06-14 11:12:57,2026-08-03 06:29:59
1939,175,kai.young76@quarry.com,viewer,2025-11-02 15:15:13,2026-01-20 13:47:38
1940,175,lars.walsh52@quarry.com,member,2025-10-08 18:27:00,2026-06-02 14:28:39
1941,176,taylor.ivanov23@harbor.com,viewer,2026-01-11 16:57:38,
1942,176,casey.dubois26@harbor.com,admin,2026-01-11 22:25:00,2026-07-20 08:48:38
1943,176,alex.garcia38@harbor.com,viewer,2025-09-22 08:39:46,2026-08-22 21:44:29
1944,176,hayden.silva5@harbor.com,admin,2025-10-11 12:36:31,2026-07-26 06:19:07
1945,176,riley.santos61@harbor.com,member,2026-02-18 14:19:10,2026-07-19 13:27:41
1946,176,riley.chen2@harbor.com,member,2026-08-14 09:36:59,2026-08-18 06:11:14
1947,176,noor.tanaka78@harbor.com,viewer,2026-05-13 11:58:36,2026-05-26 13:16:35
1948,176,sam.hansen52@harbor.com,member,2026-06-13 19:28:39,2026-06-13 07:42:23
1949,176,noor.smith68@harbor.com,viewer,2026-04-04 18:41:49,2026-06-28 21:09:48
1950,177,hayden.silva40@westgate.com,viewer,2024-09-22 14:30:42,2025-01-23 14:20:14
1951,177,rowan.okoro13@westgate.com,member,2026-06-11 12:41:10,
1952,177,ines.hansen8@westgate.com,member,2024-11-30 05:44:21,2025-02-26 15:48:42
1953,177,amara.young93@westgate.com,member,2026-06-14 11:13:29,
1954,177,avery.chen94@westgate.com,viewer,2024-10-27 09:38:00,2025-08-23 16:19:17
1955,177,ines.tanaka4@westgate.com,member,2025-06-20 22:59:56,2026-03-20 11:08:49
1956,177,ines.tanaka42@westgate.com,viewer,2024-09-21 06:30:40,
1957,177,lars.hansen12@westgate.com,member,2024-10-20 10:17:22,2025-06-21 20:10:55
1958,177,avery.ali5@westgate.com,admin,2025-10-13 10:47:05,2025-11-19 13:22:32
1959,178,casey.dubois58@lantern.com,member,2026-04-09 13:07:58,2026-05-24 16:25:42
1960,178,sam.walsh61@lantern.com,member,2025-09-11 13:57:53,
1961,178,alex.chen41@lantern.com,member,2026-04-06 18:45:34,2026-04-13 12:01:48
1962,178,morgan.garcia70@lantern.com,member,2025-05-07 10:49:10,
1963,178,sam.silva66@lantern.com,member,2026-03-19 14:01:42,2026-05-27 13:43:17
1964,178,lars.santos2@lantern.com,admin,2025-10-05 18:18:44,2025-12-26 08:44:21
1965,178,dev.novak27@lantern.com,admin,2025-10-01 08:29:19,2025-12-27 15:08:12
1966,178,alex.ivanov65@lantern.com,viewer,2025-07-04 13:02:38,2026-02-10 12:32:46
1967,178,sam.smith77@lantern.com,member,2025-05-17 17:18:55,2025-07-03 12:46:52
1968,178,jordan.garcia26@lantern.com,admin,2025-06-13 12:35:21,2025-08-26 16:24:06
1969,178,sam.dubois21@lantern.com,member,2025-12-04 11:18:29,2026-02-03 08:07:07
1970,178,morgan.muller3@lantern.com,member,2026-04-04 19:23:45,2026-05-12 18:43:00
1971,178,hayden.walsh93@lantern.com,member,2025-07-12 07:40:57,2025-08-10 17:43:57
1972,178,jordan.murphy97@lantern.com,member,2025-05-31 06:39:36,
1973,178,quinn.berg35@lantern.com,viewer,2025-08-12 08:20:44,2026-04-17 16:26:08
1974,178,amara.okoro1@lantern.com,member,2026-03-15 09:08:23,2026-03-16 07:24:04
1975,178,lars.murphy1@lantern.com,viewer,2025-10-26 05:15:02,2026-02-02 12:03:21
1976,179,noor.patel48@beacon.com,member,2025-03-15 17:05:41,
1977,179,noor.ali2@beacon.com,admin,2025-10-03 07:10:03,2025-10-18 01:13:37
1978,179,quinn.patel19@beacon.com,member,2025-11-27 15:29:48,2025-11-27 13:21:10
1979,179,amara.murphy90@beacon.com,viewer,2025-05-21 20:02:03,2025-07-19 17:36:41
1980,179,lars.tanaka6@beacon.com,viewer,2025-09-28 14:16:51,2025-11-26 10:52:31
1981,179,amara.muller6@beacon.com,member,2025-04-01 18:14:32,2025-10-09 13:38:18
1982,179,casey.santos3@beacon.com,member,2024-12-29 10:13:18,2025-02-28 15:38:24
1983,179,rowan.okoro52@beacon.com,admin,2025-04-06 12:31:03,2025-05-18 13:43:23
1984,179,noor.okoro2@beacon.com,viewer,2025-04-23 10:27:01,2025-11-16 11:51:26
1985,179,alex.chen58@beacon.com,member,2025-06-30 07:22:51,2025-08-08 15:57:58
1986,180,yuki.hansen4@onyx.com,viewer,2025-05-07 14:04:28,
1987,180,jordan.tanaka64@onyx.com,member,2024-12-19 06:08:11,2025-11-07 11:22:33
1988,180,hayden.garcia27@onyx.com,admin,2025-01-14 10:16:46,2025-12-14 09:36:16
1989,180,emerson.novak13@onyx.com,member,2026-05-31 10:29:07,2026-07-10 14:58:29
1990,180,jordan.ivanov82@onyx.com,member,2025-12-05 15:37:13,2026-06-26 11:47:59
1991,180,rowan.okoro16@onyx.com,member,2025-07-11 13:35:29,2025-10-18 17:45:38
1992,180,lars.patel48@onyx.com,member,2025-06-07 16:51:46,2025-07-02 15:15:47
1993,180,lars.ali32@onyx.com,admin,2024-07-27 10:31:15,2026-05-15 07:11:10
1994,180,avery.muller89@onyx.com,member,2024-12-06 23:25:18,2026-04-10 08:43:08
1995,180,sam.rossi72@onyx.com,member,2025-01-18 16:29:24,2025-12-13 09:10:52
1996,180,amara.rossi34@onyx.com,member,2026-01-20 09:34:55,2026-05-21 18:39:59
1997,180,riley.kim18@onyx.com,member,2025-04-09 00:27:39,2025-07-11 02:06:16
1998,180,quinn.rossi67@onyx.com,member,2024-11-07 13:33:09,2025-03-28 08:19:31
1999,180,alex.walsh43@onyx.com,member,2026-01-10 07:24:03,2026-08-18 06:53:17
2000,180,rowan.tanaka73@onyx.com,admin,2025-07-25 00:53:25,2026-06-08 06:35:14
2001,180,hayden.silva28@onyx.com,member,2026-07-14 08:08:31,2026-07-25 15:27:40
2002,180,mateo.murphy28@onyx.com,member,2025-08-01 04:25:25,2025-09-08 11:46:32
2003,180,ines.patel57@onyx.com,member,2025-02-27 05:24:51,
2004,180,rowan.young41@onyx.com,member,2024-06-02 15:02:40,2025-10-30 16:08:40
2005,180,hayden.kim17@onyx.com,member,2025-08-25 15:23:32,2026-01-10 02:41:55
2006,181,noor.muller48@ironclad.com,member,2025-06-11 16:15:45,2025-06-11 16:27:53
2007,181,avery.ivanov85@ironclad.com,viewer,2025-05-17 16:26:46,2025-10-26 16:51:25
2008,181,hayden.berg58@ironclad.com,admin,2024-11-27 18:37:44,2025-09-27 12:37:13
2009,181,amara.walsh96@ironclad.com,viewer,2025-11-20 09:58:45,2025-11-24 14:53:38
2010,181,noor.kim76@ironclad.com,member,2025-07-08 14:42:13,2025-09-26 16:00:55
2011,181,noor.tanaka38@ironclad.com,viewer,2025-01-03 07:06:10,2025-03-11 15:37:16
2012,182,lars.garcia85@anchor.com,viewer,2026-07-19 09:01:00,2026-07-25 10:18:35
2013,182,jordan.rossi88@anchor.com,member,2026-08-03 18:52:37,2026-08-26 14:58:56
2014,182,hayden.walsh39@anchor.com,member,2026-07-12 12:31:04,2026-08-21 08:25:45
2015,182,yuki.ivanov68@anchor.com,member,2026-08-22 11:21:42,2026-08-24 08:33:41
2016,182,hayden.garcia50@anchor.com,member,2026-07-14 09:41:23,2026-08-07 14:46:12
2017,182,hayden.murphy96@anchor.com,member,2026-06-26 11:28:39,2026-07-30 10:48:43
2018,182,amara.okoro25@anchor.com,member,2026-06-09 18:09:12,2026-08-17 09:00:54
2019,182,casey.kim70@anchor.com,viewer,2026-06-25 11:24:25,
2020,182,alex.smith54@anchor.com,member,2026-05-22 09:31:42,2026-07-01 15:43:32
2021,182,kai.dubois42@anchor.com,viewer,2026-07-11 08:30:27,2026-08-02 17:22:06
2022,182,alex.patel7@anchor.com,member,2026-06-10 12:08:18,2026-08-06 10:50:51
2023,182,sam.hansen10@anchor.com,member,2026-08-01 09:19:16,2026-08-12 09:06:09
2024,182,yuki.berg79@anchor.com,viewer,2026-05-14 08:26:58,2026-06-20 00:51:54
2025,182,noor.patel66@anchor.com,member,2026-07-13 11:15:26,2026-08-02 16:55:02
2026,182,sam.young39@anchor.com,member,2026-05-30 06:02:51,2026-07-03 08:13:32
2027,183,lars.young95@westgate.com,member,2024-03-23 06:17:42,2024-04-23 21:49:55
2028,183,alex.berg99@westgate.com,member,2025-09-17 16:52:57,2025-09-25 16:30:38
2029,183,ines.muller35@westgate.com,member,2025-09-14 13:33:00,2025-10-03 13:07:13
2030,183,rowan.kim60@westgate.com,member,2024-12-04 22:00:36,2025-12-24 15:48:44
2031,183,ines.silva74@westgate.com,member,2024-12-28 12:08:42,2025-01-06 17:37:53
2032,183,alex.rossi92@westgate.com,viewer,2025-04-20 16:05:22,2025-09-05 08:55:51
2033,183,dev.muller43@westgate.com,member,2025-07-30 10:02:14,2026-01-02 16:01:29
2034,183,amara.murphy86@westgate.com,member,2024-05-11 20:07:42,2025-02-27 12:29:23
2035,183,jordan.ivanov55@westgate.com,admin,2024-12-15 12:46:08,2025-12-01 12:10:12
2036,183,rowan.ivanov51@westgate.com,member,2025-10-15 15:10:57,2025-11-19 07:26:10
2037,183,alex.hansen93@westgate.com,member,2025-04-17 18:13:06,2025-09-07 08:26:53
2038,184,avery.patel50@copper.com,viewer,2026-01-11 07:05:51,2026-08-14 13:42:41
2039,184,jordan.murphy70@copper.com,viewer,2026-02-24 16:36:19,2026-05-10 15:56:24
2040,184,dev.santos76@copper.com,admin,2025-12-27 15:14:41,2026-08-22 11:09:15
2041,184,casey.murphy80@copper.com,member,2026-01-26 11:52:36,2026-06-23 03:09:56
2042,184,sam.tanaka41@copper.com,member,2025-06-26 14:35:17,2026-08-09 14:40:40
2043,184,mateo.murphy75@copper.com,member,2026-07-17 10:12:37,2026-08-02 06:50:28
2044,184,jordan.santos70@copper.com,member,2026-02-21 06:37:04,2026-03-03 16:47:13
2045,184,ines.young8@copper.com,member,2025-11-09 10:25:52,2026-04-12 10:38:48
2046,184,avery.ivanov34@copper.com,viewer,2026-03-06 20:43:30,2026-06-27 11:33:01
2047,184,jordan.muller31@copper.com,viewer,2025-12-19 13:40:54,2026-02-12 08:59:40
2048,184,jordan.santos70@copper.com,viewer,2025-11-15 14:34:33,
2049,184,kai.smith66@copper.com,viewer,2026-04-23 10:48:54,2026-04-29 14:31:00
2050,184,sam.smith7@copper.com,member,2026-03-30 08:35:38,2026-05-02 09:49:09
2051,185,taylor.ivanov85@cedar.com,member,2025-09-17 05:45:20,2026-04-28 14:38:57
2052,185,noor.walsh42@cedar.com,member,2025-06-17 09:12:21,2026-04-27 11:33:50
2053,185,mateo.patel63@cedar.com,member,2025-11-23 17:06:20,2026-01-13 15:53:51
2054,185,rowan.kim88@cedar.com,member,2025-11-10 14:33:30,2026-04-21 11:57:02
2055,185,dev.silva67@cedar.com,viewer,2026-04-07 12:06:04,2026-06-17 09:19:23
2056,185,jordan.chen62@cedar.com,viewer,2025-11-01 16:54:03,2025-12-23 15:59:14
2057,185,kai.santos57@cedar.com,member,2025-09-04 10:59:49,
2058,185,dev.garcia96@cedar.com,member,2026-02-23 17:28:39,
2059,185,lars.kim19@cedar.com,member,2026-01-09 12:16:26,2026-03-27 16:40:17
2060,185,amara.chen4@cedar.com,viewer,2026-01-23 19:52:01,2026-03-23 16:27:46
2061,185,noor.novak18@cedar.com,member,2025-06-28 17:22:37,2026-02-28 09:31:32
2062,185,emerson.murphy91@cedar.com,member,2026-02-05 09:32:25,2026-07-08 18:42:09
2063,185,avery.kim18@cedar.com,member,2026-03-08 09:10:52,2026-03-30 10:23:58
2064,185,quinn.rossi39@cedar.com,viewer,2025-09-19 15:04:35,
2065,185,taylor.santos32@cedar.com,member,2025-11-19 09:24:54,2026-06-06 03:29:58
2066,185,taylor.okoro23@cedar.com,member,2026-01-22 14:58:40,2026-04-20 15:36:22
2067,185,taylor.young15@cedar.com,viewer,2026-01-30 06:42:06,2026-05-23 00:00:10
2068,185,amara.santos10@cedar.com,viewer,2025-12-19 09:17:42,2026-05-14 17:06:14
2069,185,kai.kim91@cedar.com,viewer,2026-01-26 09:47:08,2026-08-23 13:44:31
2070,185,riley.santos52@cedar.com,admin,2026-03-24 08:54:40,2026-05-24 21:49:59
2071,185,alex.berg93@cedar.com,member,2025-11-20 08:24:28,2026-06-04 14:11:07
2072,186,noor.tanaka56@orchard.com,member,2026-01-16 09:11:51,2026-01-16 08:20:47
2073,186,riley.muller18@orchard.com,admin,2025-01-27 17:13:46,2025-09-09 09:37:34
2074,186,noor.santos29@orchard.com,admin,2026-03-19 17:39:04,2026-07-21 10:47:01
2075,186,riley.chen36@orchard.com,member,2025-11-26 09:54:22,2026-01-26 09:01:39
2076,186,mateo.chen51@orchard.com,viewer,2025-02-28 16:07:35,2026-05-18 17:08:55
2077,186,quinn.walsh97@orchard.com,viewer,2026-01-22 15:41:24,2026-03-18 06:37:50
2078,186,emerson.berg98@orchard.com,viewer,2025-12-03 09:05:19,2026-03-06 12:28:24
2079,186,alex.novak71@orchard.com,admin,2025-02-10 15:13:53,2025-08-12 15:21:21
2080,186,hayden.ali71@orchard.com,member,2025-09-29 00:30:48,2025-12-10 08:58:34
2081,186,quinn.garcia33@orchard.com,admin,2025-08-29 14:18:37,2026-01-17 10:47:44
2082,186,riley.hansen12@orchard.com,member,2025-07-16 13:33:33,
2083,187,avery.garcia18@pine.com,member,2025-01-12 11:41:27,2025-01-14 09:37:20
2084,187,casey.ivanov25@pine.com,member,2025-03-08 10:03:03,
2085,187,lars.walsh32@pine.com,member,2024-09-23 06:05:04,
2086,187,quinn.tanaka62@pine.com,member,2024-12-09 12:35:29,2025-01-21 14:51:00
2087,187,sam.young86@pine.com,member,2024-09-21 11:03:26,2025-06-16 10:19:08
2088,187,lars.patel19@pine.com,admin,2025-06-27 19:11:45,2025-07-03 09:51:46
2089,187,alex.okoro5@pine.com,member,2024-11-11 08:32:27,
2090,187,rowan.patel87@pine.com,admin,2025-01-21 15:01:25,2025-02-25 08:47:06
2091,187,ines.kim14@pine.com,admin,2025-02-28 07:55:25,2025-05-04 10:37:36
2092,187,quinn.novak95@pine.com,admin,2025-03-08 22:14:55,2025-04-09 07:08:17
2093,188,morgan.rossi7@blue.com,member,2025-06-27 15:54:04,2025-09-06 14:06:42
2094,188,avery.ali69@blue.com,member,2025-06-19 10:33:24,2025-10-11 13:12:14
2095,188,avery.rossi32@blue.com,member,2025-06-20 10:13:19,2025-10-28 10:55:26
2096,188,yuki.okoro39@blue.com,admin,2025-07-26 09:32:27,2025-12-25 13:27:50
2097,188,avery.ali23@blue.com,viewer,2025-11-27 14:30:40,2026-04-25 19:15:27
2098,188,taylor.berg71@blue.com,member,2025-08-24 11:49:05,2026-02-24 08:30:53
2099,188,morgan.okoro52@blue.com,member,2025-10-10 17:10:23,2026-01-03 13:04:17
2100,188,quinn.ivanov8@blue.com,member,2026-05-30 15:23:14,2026-05-30 11:19:06
2101,188,kai.berg90@blue.com,viewer,2025-08-27 10:46:20,2026-01-21 17:49:17
2102,188,quinn.dubois27@blue.com,admin,2026-03-29 14:49:36,2026-05-12 14:59:26
2103,188,rowan.silva20@blue.com,member,2026-01-29 13:19:06,2026-05-21 18:48:24
2104,188,ines.garcia21@blue.com,viewer,2025-10-12 15:35:59,2026-05-21 14:59:26
2105,188,rowan.ali28@blue.com,member,2025-08-14 09:36:01,2026-01-07 11:21:32
2106,188,casey.okoro94@blue.com,member,2025-11-19 13:56:48,2026-02-02 13:37:40
2107,188,jordan.tanaka13@blue.com,admin,2026-01-26 17:32:41,2026-02-23 14:32:05
2108,188,mateo.garcia4@blue.com,member,2025-07-31 11:10:49,2026-04-11 16:30:08
2109,188,alex.smith36@blue.com,member,2026-05-22 13:08:24,2026-05-28 16:35:57
2110,188,taylor.berg27@blue.com,viewer,2026-05-01 21:25:50,
2111,188,amara.chen99@blue.com,admin,2025-07-31 13:53:40,2025-11-02 10:17:53
2112,188,kai.chen45@blue.com,admin,2025-07-15 08:59:37,2025-10-28 18:12:38
2113,188,hayden.patel28@blue.com,admin,2026-02-17 14:11:41,2026-05-01 09:54:42
2114,188,kai.chen73@blue.com,member,2025-11-19 17:14:13,2026-04-26 11:43:01
2115,188,quinn.young15@blue.com,viewer,2025-10-07 07:22:50,
2116,188,amara.patel15@blue.com,member,2026-05-22 15:05:12,2026-05-25 13:17:46
2117,188,quinn.ali35@blue.com,member,2025-08-15 14:34:50,2026-03-17 16:42:51
2118,188,hayden.kim73@blue.com,viewer,2025-06-12 12:13:02,2025-10-25 07:03:04
2119,189,lars.garcia14@solstice.com,member,2026-04-01 06:01:03,2026-06-12 13:45:37
2120,189,morgan.kim20@solstice.com,member,2026-04-16 12:02:47,2026-07-31 16:59:07
2121,189,dev.young6@solstice.com,member,2026-02-14 12:47:59,2026-03-22 07:54:49
2122,189,hayden.santos34@solstice.com,member,2026-04-21 14:36:42,2026-05-06 08:12:04
2123,190,casey.novak70@sable.com,viewer,2026-08-24 17:50:31,2026-08-24 10:30:06
2124,190,avery.muller91@sable.com,member,2026-04-24 18:52:01,
2125,190,hayden.murphy86@sable.com,viewer,2026-04-29 07:05:07,2026-05-19 21:33:35
2126,191,mateo.chen41@nimbus.com,viewer,2026-05-16 08:27:30,2026-07-17 19:04:49
2127,191,yuki.hansen63@nimbus.com,member,2026-08-05 20:02:58,2026-08-18 08:04:15
2128,191,ines.chen79@nimbus.com,member,2026-06-12 14:07:22,2026-07-30 07:36:18
2129,191,sam.garcia91@nimbus.com,member,2026-03-13 11:42:11,2026-06-06 09:03:26
2130,191,jordan.tanaka71@nimbus.com,viewer,2026-04-09 12:19:57,2026-07-06 10:20:11
2131,191,alex.muller82@nimbus.com,member,2026-01-19 13:38:45,2026-05-23 15:04:59
2132,192,yuki.hansen55@keystone.com,viewer,2026-02-14 03:06:37,2026-04-27 12:38:14
2133,192,rowan.tanaka58@keystone.com,member,2026-06-04 12:56:09,2026-08-27 18:13:23
2134,192,mateo.garcia59@keystone.com,member,2025-03-06 03:24:55,2026-04-23 07:41:23
2135,192,ines.patel85@keystone.com,member,2024-09-07 23:58:17,
2136,192,quinn.patel49@keystone.com,viewer,2024-12-21 12:49:51,2026-02-25 17:16:02
2137,192,alex.patel82@keystone.com,member,2024-12-13 22:51:48,2026-02-07 11:38:03
2138,192,ines.muller69@keystone.com,member,2024-12-10 07:55:50,2026-04-07 11:12:32
2139,192,morgan.muller30@keystone.com,member,2026-07-06 12:30:20,2026-07-15 08:35:09
2140,192,yuki.novak46@keystone.com,admin,2025-02-05 15:17:28,2025-12-06 04:17:05
2141,192,casey.silva48@keystone.com,member,2026-05-11 03:54:49,2026-05-24 14:59:15
2142,193,mateo.muller22@anchor.com,admin,2025-05-17 18:18:07,2026-02-12 13:59:52
2143,193,emerson.walsh72@anchor.com,viewer,2026-04-10 02:04:01,2026-08-06 12:01:08
2144,193,casey.young37@anchor.com,admin,2025-04-28 10:48:08,2026-04-27 19:15:19
2145,193,yuki.smith84@anchor.com,member,2026-08-14 17:08:35,2026-08-29 13:51:29
2146,193,morgan.garcia83@anchor.com,member,2024-08-01 15:31:58,2026-02-20 18:14:01
2147,193,alex.silva60@anchor.com,member,2026-01-18 14:46:57,2026-08-03 07:09:06
2148,193,mateo.ali31@anchor.com,viewer,2026-06-30 12:22:58,2026-07-25 13:00:20
2149,193,emerson.berg74@anchor.com,member,2025-11-11 15:53:26,2025-11-21 12:17:11
2150,193,noor.berg82@anchor.com,member,2026-03-04 17:33:38,
2151,194,alex.okoro9@yardley.com,member,2025-10-17 15:23:28,2025-11-10 10:29:15
2152,194,jordan.okoro41@yardley.com,member,2025-07-11 06:37:57,2025-10-25 07:14:26
2153,194,sam.muller46@yardley.com,member,2025-11-18 13:10:40,2025-11-18 12:12:30
2154,194,kai.chen35@yardley.com,member,2025-12-03 16:51:00,2025-12-09 16:55:58
2155,194,hayden.rossi31@yardley.com,admin,2025-11-13 04:05:29,2025-11-21 08:19:32
2156,194,hayden.smith93@yardley.com,admin,2025-08-01 12:20:29,2025-10-03 19:25:38
2157,194,amara.patel50@yardley.com,member,2025-09-10 08:28:03,2025-11-12 13:24:00
2158,195,avery.silva85@northwind.com,member,2026-04-29 19:54:05,2026-08-08 10:38:18
2159,195,lars.muller68@northwind.com,admin,2025-02-01 11:11:57,2025-03-20 09:58:53
2160,195,dev.young12@northwind.com,admin,2026-08-28 07:19:05,2026-08-28 12:10:38
2161,195,mateo.santos99@northwind.com,member,2025-04-30 11:38:13,2025-06-30 10:15:37
2162,195,alex.okoro29@northwind.com,admin,2025-07-08 09:10:32,2026-08-31 10:02:13
2163,195,hayden.santos46@northwind.com,member,2024-04-24 11:42:37,
2164,195,casey.berg31@northwind.com,member,2024-04-27 07:03:00,2024-11-29 10:14:31
2165,195,alex.rossi91@northwind.com,member,2024-05-07 10:45:45,2025-04-21 11:24:09
2166,196,ines.garcia66@cobalt.com,member,2026-04-12 13:39:51,2026-07-11 21:19:00
2167,196,quinn.patel37@cobalt.com,member,2024-09-19 06:24:41,2025-09-06 15:13:08
2168,196,mateo.murphy69@cobalt.com,member,2026-01-28 16:28:00,2026-04-10 10:18:28
2169,196,casey.young38@cobalt.com,viewer,2026-07-06 18:42:28,2026-07-28 08:39:44
2170,196,noor.tanaka92@cobalt.com,member,2025-09-18 15:04:08,2025-10-17 10:42:30
2171,196,amara.rossi71@cobalt.com,member,2024-05-23 10:35:03,
2172,196,jordan.young8@cobalt.com,member,2025-06-16 12:59:28,2025-10-19 06:07:25
2173,196,kai.walsh81@cobalt.com,member,2024-05-20 07:22:37,2025-04-28 09:09:12
2174,196,jordan.muller49@cobalt.com,member,2024-10-02 09:31:05,2026-03-15 15:41:32
2175,196,hayden.muller78@cobalt.com,member,2024-07-20 10:58:15,2024-08-11 05:47:15
2176,196,lars.berg90@cobalt.com,admin,2025-11-30 11:38:42,2026-04-03 14:04:13
2177,196,yuki.okoro49@cobalt.com,member,2026-01-27 07:42:35,2026-02-28 21:48:34
2178,196,ines.tanaka44@cobalt.com,admin,2024-11-18 07:49:17,2025-11-02 17:58:33
2179,196,alex.okoro46@cobalt.com,member,2026-03-10 16:14:55,2026-06-27 10:11:27
2180,196,jordan.muller63@cobalt.com,viewer,2025-05-08 18:31:53,2025-09-28 10:22:14
2181,197,rowan.okoro79@pine.com,member,2026-04-18 11:10:17,2026-06-09 09:28:32
2182,197,emerson.smith3@pine.com,member,2026-01-01 21:26:20,2026-06-10 07:00:26
2183,197,lars.dubois15@pine.com,viewer,2026-04-09 17:45:31,2026-04-22 17:49:08
2184,197,dev.silva95@pine.com,member,2025-09-12 14:17:55,2025-09-23 13:37:49
2185,197,jordan.muller74@pine.com,member,2025-08-01 15:23:57,
2186,198,avery.chen64@aurora.com,member,2025-10-13 11:56:08,2025-10-16 09:22:31
2187,198,casey.ivanov38@aurora.com,member,2026-02-06 12:05:18,2026-02-19 11:13:14
2188,199,riley.silva25@summit.com,member,2026-08-23 09:04:45,2026-08-25 14:59:36
2189,199,ines.okoro99@summit.com,member,2026-06-11 08:55:50,2026-06-12 10:26:40
2190,199,noor.novak1@summit.com,viewer,2026-07-13 17:52:09,
2191,199,sam.ivanov38@summit.com,viewer,2026-03-08 17:13:13,2026-05-15 07:52:16
2192,199,noor.murphy87@summit.com,viewer,2026-04-25 14:38:25,2026-04-30 19:32:10
2193,199,jordan.novak49@summit.com,member,2026-07-07 14:38:58,
2194,199,noor.young18@summit.com,viewer,2026-05-14 18:17:36,
2195,199,casey.novak19@summit.com,member,2026-03-15 08:03:52,2026-06-17 15:05:58
2196,199,alex.garcia14@summit.com,viewer,2026-08-16 12:44:57,2026-08-25 10:30:22
2197,199,sam.santos7@summit.com,admin,2026-08-30 06:15:04,2026-08-30 09:40:04
2198,199,kai.okoro66@summit.com,member,2026-05-30 14:17:32,2026-08-25 08:21:12
2199,200,hayden.murphy41@beacon.com,admin,2025-09-18 18:33:59,2025-10-13 08:39:40
2200,200,kai.chen58@beacon.com,viewer,2025-04-08 11:16:02,
2201,200,dev.kim20@beacon.com,member,2024-08-19 14:13:30,2024-12-02 11:38:33
2202,200,casey.tanaka12@beacon.com,member,2026-05-06 10:51:33,
2203,200,casey.garcia73@beacon.com,member,2025-07-24 08:12:10,2026-02-06 11:37:47
2204,200,jordan.walsh6@beacon.com,member,2025-07-15 09:41:34,2025-07-29 10:34:13
2205,200,amara.hansen55@beacon.com,viewer,2024-07-25 22:37:41,2024-12-25 12:15:23
2206,200,yuki.rossi37@beacon.com,viewer,2026-01-15 14:21:35,2026-04-27 14:06:29
2207,200,jordan.dubois70@beacon.com,viewer,2024-07-01 00:55:49,2025-09-09 11:31:38
2208,200,alex.muller66@beacon.com,member,2024-12-11 10:37:35,2025-05-21 18:29:11
2209,200,quinn.ali41@beacon.com,member,2026-03-11 15:03:10,
2210,200,riley.ivanov48@beacon.com,viewer,2025-04-10 11:12:58,2025-11-14 07:15:00
2211,200,lars.berg61@beacon.com,member,2024-05-25 17:54:10,2024-06-02 14:48:53
2212,200,ines.walsh59@beacon.com,viewer,2025-09-25 09:20:08,2026-05-26 15:07:56
2213,200,ines.ivanov50@beacon.com,admin,2026-04-27 05:09:45,2026-04-30 01:58:05
